Category,Value
1,22879
2,21974
3,21249
4,20772
5,21077
6,20812
7,20858
8,20685
9,21712
10,22604
11,23553
12,23711
13,23549
14,23027
15,22487
16,22192
17,22259
18,22613
19,23088
20,24681
21,24607
22,23387
23,21865
24,20655
25,20090
26,19587
27,19455
28,19591
29,20055
30,20746
31,21427
32,22645
33,23904
34,24608
35,24826
36,24414
37,24249
38,24090
39,24213
40,24464
41,24588
42,25267
43,25388
44,26541
45,25743
46,24142
47,22531
48,21138
49,20602
50,20284
51,20015
52,20234
53,20636
54,21319
55,22003
56,23117
57,24169
58,25040
59,25242
60,25390
61,25296
62,25268
63,25037
64,25324
65,25714
66,26417
67,26933
68,27719
69,26836
70,24759
71,23425
72,22463
73,22076
74,21766
75,21560
76,21837
77,22240
78,23131
79,24317
80,25122
81,26206
82,26561
83,26536
84,26400
85,26091
86,25832
87,25768
88,25837
89,25908
90,26159
91,26002
92,27276
93,26704
94,24977
95,23413
96,22452
97,21760
98,21431
99,21160
100,21305
101,21806
102,22080
103,22755
104,23439
105,24584
106,25369
107,25192
108,24831
109,24720
110,24403
111,23880
112,23570
113,23770
114,24392
115,25162
116,26464
117,26086
118,24592
119,23301
120,22170
121,21602
122,21344
123,21061
124,21056
125,21233
126,21549
127,22661
128,23919
129,24830
130,25348
131,25246
132,25204
133,25209
134,24812
135,24117
136,23975
137,24441
138,24959
139,25519
140,26665
141,26137
142,24425
143,22871
144,21896
145,21742
146,21559
147,21514
148,21729
149,22452
150,24155
151,25012
152,25744
153,26802
154,27261
155,27651
156,27474
157,27477
158,27447
159,27293
160,27571
161,27837
162,27697
163,28454
164,29786
165,28672
166,26651
167,24837
168,23517
169,22722
170,22223
171,22061
172,22306
173,23079
174,24736
175,25944
176,26671
177,27162
178,27236
179,27568
180,27528
181,27414
182,27286
183,27597
184,27903
185,28326
186,28738
187,28917
188,29822
189,28986
190,26305
191,24168
192,22967
193,22542
194,22335
195,22209
196,22344
197,23465
198,26791
199,27421
200,26217
201,26413
202,26676
203,26880
204,27013
205,26723
206,26692
207,26808
208,27119
209,27214
210,27443
211,28028
212,29877
213,29394
214,27243
215,24954
216,23596
217,22886
218,22425
219,22157
220,22328
221,23544
222,26482
223,27376
224,26385
225,26779
226,27097
227,27032
228,26764
229,26860
230,26592
231,26769
232,26908
233,27216
234,27814
235,27809
236,29393
237,28733
238,26601
239,24674
240,23417
241,23373
242,23353
243,23170
244,23237
245,24435
246,27319
247,27994
248,27102
249,27681
250,27679
251,27570
252,27436
253,27162
254,26698
255,26788
256,26555
257,26872
258,26858
259,27229
260,28317
261,28036
262,26539
263,24866
264,23240
265,22592
266,22399
267,22235
268,22603
269,23077
270,23634
271,24511
272,25417
273,26394
274,26733
275,26588
276,26220
277,26001
278,25352
279,24860
280,24733
281,24918
282,25273
283,26216
284,28060
285,27842
286,25864
287,24419
288,23411
289,22840
290,22505
291,22357
292,22286
293,22460
294,22629
295,23454
296,24928
297,25745
298,25849
299,25358
300,25247
301,25024
302,24616
303,24126
304,24054
305,24317
306,25058
307,26145
308,27806
309,27890
310,25868
311,24088
312,22976
313,22422
314,22360
315,22228
316,22594
317,23573
318,26998
319,27784
320,27302
321,28308
322,28687
323,28819
324,29007
325,28705
326,28660
327,28831
328,28967
329,28967
330,28759
331,29178
332,30694
333,29747
334,27600
335,25590
336,24218
337,23658
338,23747
339,23708
340,24018
341,24917
342,27872
343,28290
344,27472
345,27953
346,28035
347,28326
348,28578
349,28374
350,28223
351,28264
352,28357
353,28310
354,28236
355,28695
356,29825
357,29385
358,26945
359,24866
360,23440
361,23106
362,23014
363,22844
364,22968
365,24068
366,27099
367,27670
368,27079
369,27781
370,27716
371,27794
372,27946
373,27745
374,27554
375,27842
376,27978
377,28248
378,28164
379,28819
380,29793
381,29365
382,27057
383,24891
384,23631
385,23031
386,22811
387,22743
388,23307
389,24720
390,27760
391,28548
392,27866
393,28482
394,28624
395,28655
396,28761
397,28554
398,28590
399,28535
400,28955
401,29080
402,29113
403,30003
404,30405
405,29853
406,27557
407,25908
408,24778
409,24144
410,23814
411,23706
412,23967
413,25104
414,27878
415,28468
416,27658
417,28190
418,28271
419,28293
420,28558
421,28155
422,27831
423,27625
424,27501
425,27286
426,27079
427,27692
428,29243
429,28899
430,26947
431,25594
432,24509
433,23555
434,23201
435,23111
436,22994
437,23464
438,23869
439,25048
440,25764
441,26721
442,26938
443,26705
444,26362
445,26245
446,25721
447,25300
448,25184
449,25615
450,25953
451,26369
452,27959
453,27431
454,25619
455,23982
456,22752
457,22056
458,21692
459,21666
460,21629
461,21958
462,22231
463,23193
464,24867
465,26110
466,26466
467,26196
468,25931
469,25828
470,25404
471,24875
472,24466
473,24966
474,25341
475,26475
476,28351
477,28095
478,25501
479,23781
480,22700
481,22348
482,22171
483,22161
484,22377
485,23494
486,26851
487,27835
488,26726
489,27069
490,27335
491,27603
492,27581
493,27647
494,27391
495,27970
496,28208
497,28277
498,28073
499,28986
500,30508
501,30194
502,27708
503,25502
504,24184
505,23834
506,23670
507,23563
508,23908
509,25161
510,27769
511,28721
512,27753
513,28455
514,28429
515,28417
516,28446
517,28209
518,28065
519,28674
520,29072
521,29145
522,29249
523,29252
524,30647
525,29987
526,27949
527,25722
528,24599
529,24285
530,23956
531,23799
532,24070
533,25129
534,28017
535,28843
536,28030
537,28748
538,28872
539,28952
540,28756
541,28498
542,28345
543,28476
544,28852
545,29119
546,29173
547,29823
548,31087
549,29918
550,27443
551,25440
552,24297
553,24075
554,23794
555,23679
556,23961
557,25309
558,28101
559,28951
560,28424
561,29170
562,29251
563,29372
564,29364
565,28961
566,28776
567,29046
568,29552
569,29618
570,29548
571,30029
572,30810
573,29975
574,27443
575,26067
576,24712
577,24227
578,24004
579,23959
580,24201
581,25496
582,28387
583,29154
584,28953
585,29649
586,29735
587,29772
588,29606
589,29271
590,28881
591,28712
592,28683
593,28384
594,28660
595,29183
596,29914
597,28785
598,26788
599,25524
600,24285
601,23648
602,23448
603,23190
604,23210
605,23695
606,24401
607,25308
608,26609
609,27646
610,27878
611,27650
612,27499
613,27225
614,26662
615,26042
616,26045
617,26337
618,26798
619,27593
620,28387
621,26847
622,25126
623,24159
624,23185
625,22658
626,22428
627,22349
628,22579
629,22978
630,23547
631,24563
632,25996
633,27215
634,27309
635,27048
636,26864
637,26565
638,26327
639,25674
640,25700
641,25860
642,26318
643,27254
644,28256
645,27303
646,25351
647,23889
648,22900
649,22654
650,22592
651,22602
652,22859
653,24249
654,27418
655,28547
656,27622
657,28086
658,28269
659,28511
660,28506
661,28413
662,28338
663,28496
664,28847
665,29031
666,29364
667,30190
668,31232
669,30092
670,27682
671,25823
672,24769
673,23941
674,23770
675,23559
676,23611
677,24803
678,27598
679,28881
680,28006
681,28585
682,28735
683,28448
684,28032
685,27852
686,27618
687,28156
688,28764
689,28895
690,29282
691,29611
692,31058
693,30203
694,27983
695,25762
696,24755
697,24014
698,23525
699,23433
700,23752
701,24964
702,28208
703,29016
704,28262
705,28621
706,28560
707,28816
708,28825
709,28707
710,28741
711,29145
712,29625
713,29624
714,29447
715,29452
716,30692
717,30243
718,27829
719,26050
720,24900
721,24177
722,23655
723,23676
724,23998
725,25634
726,28690
727,29517
728,28611
729,29102
730,29039
731,29466
732,29522
733,29339
734,29537
735,29692
736,29934
737,29810
738,29070
739,28728
740,30499
741,29896
742,27560
743,25970
744,25030
745,24491
746,24012
747,23723
748,23988
749,25076
750,27864
751,28715
752,28312
753,28856
754,28832
755,28993
756,28858
757,28437
758,28188
759,28186
760,28181
761,28331
762,27886
763,28084
764,28367
765,28098
766,26449
767,25142
768,24156
769,23448
770,23178
771,23168
772,23118
773,23125
774,24003
775,25168
776,26496
777,27380
778,27533
779,27195
780,26922
781,26413
782,26154
783,25968
784,25963
785,26015
786,26709
787,27376
788,28722
789,27871
790,26049
791,24786
792,23811
793,23199
794,22880
795,22623
796,22764
797,22574
798,22639
799,23668
800,25675
801,26404
802,26364
803,25984
804,25697
805,25730
806,25455
807,24872
808,24560
809,24817
810,25678
811,26811
812,28879
813,28045
814,25288
815,23546
816,22515
817,22184
818,21776
819,21544
820,21878
821,23117
822,26746
823,27787
824,26740
825,27454
826,27758
827,27824
828,27752
829,27742
830,27543
831,27759
832,28103
833,28709
834,29063
835,30277
836,31405
837,29607
838,27144
839,25274
840,24038
841,23450
842,23313
843,23398
844,23618
845,24856
846,28198
847,29254
848,28033
849,28426
850,28476
851,28478
852,28368
853,28211
854,28098
855,28500
856,29229
857,29686
858,29917
859,31031
860,31932
861,30167
862,27839
863,25975
864,24808
865,24069
866,23607
867,23608
868,23805
869,25062
870,28350
871,29538
872,28439
873,28690
874,28916
875,28938
876,28958
877,28947
878,28893
879,29133
880,29600
881,30022
882,30079
883,30771
884,31514
885,30038
886,27585
887,26097
888,24805
889,24106
890,23846
891,23518
892,23815
893,25340
894,28913
895,30069
896,28799
897,29269
898,29264
899,29278
900,29181
901,29093
902,28857
903,29277
904,29967
905,30663
906,30750
907,31190
908,31652
909,30703
910,28467
911,26845
912,25485
913,24927
914,24367
915,24319
916,24620
917,25879
918,29126
919,30171
920,29169
921,29691
922,29682
923,29817
924,29811
925,29861
926,29764
927,29726
928,29788
929,29423
930,29559
931,29695
932,30898
933,29526
934,28051
935,26485
936,25350
937,24451
938,24244
939,24072
940,24181
941,24413
942,25141
943,26114
944,27621
945,28776
946,29067
947,28637
948,28429
949,28230
950,27983
951,27798
952,27384
953,27467
954,27887
955,28902
956,30383
957,29359
958,27185
959,25487
960,24466
961,23600
962,23248
963,23046
964,23004
965,23103
966,23541
967,24784
968,26446
969,27306
970,27629
971,27332
972,27402
973,27416
974,26974
975,26671
976,26618
977,26932
978,27567
979,28491
980,30113
981,29004
982,26446
983,24578
984,23432
985,22912
986,22880
987,22631
988,22848
989,24204
990,27452
991,28855
992,28377
993,29483
994,29511
995,29682
996,29437
997,29259
998,28984
999,29036
1000,29097
1001,29448
1002,29646
1003,30511
1004,31619
1005,30290
1006,27672
1007,25680
1008,24380
1009,23626
1010,23566
1011,23379
1012,23554
1013,24820
1014,28226
1015,28963
1016,28524
1017,29277
1018,29433
1019,29543
1020,29467
1021,29167
1022,29158
1023,29457
1024,29803
1025,30024
1026,30090
1027,30569
1028,31509
1029,29852
1030,27611
1031,25636
1032,24353
1033,23703
1034,23313
1035,23076
1036,23279
1037,24576
1038,27711
1039,29252
1040,28697
1041,29063
1042,28999
1043,29008
1044,29034
1045,28861
1046,28711
1047,28936
1048,29462
1049,29845
1050,29632
1051,30188
1052,31144
1053,29673
1054,27478
1055,25556
1056,24319
1057,23380
1058,23245
1059,23167
1060,23256
1061,24506
1062,27270
1063,29266
1064,28690
1065,29049
1066,29043
1067,29023
1068,29080
1069,28597
1070,28900
1071,29216
1072,29624
1073,29869
1074,30196
1075,30587
1076,31453
1077,29930
1078,27532
1079,25838
1080,24451
1081,23842
1082,23489
1083,23425
1084,23253
1085,24793
1086,27762
1087,29370
1088,28790
1089,29712
1090,29431
1091,29349
1092,29376
1093,29064
1094,28777
1095,28731
1096,28762
1097,29074
1098,29057
1099,29214
1100,30484
1101,29184
1102,27246
1103,25940
1104,24505
1105,23793
1106,23516
1107,23219
1108,23447
1109,23939
1110,24505
1111,25591
1112,26993
1113,28162
1114,28318
1115,27664
1116,27228
1117,26912
1118,26566
1119,25995
1120,25982
1121,26196
1122,26335
1123,27178
1124,28847
1125,27935
1126,25937
1127,24585
1128,23455
1129,22746
1130,22347
1131,22217
1132,22163
1133,22514
1134,22943
1135,24112
1136,25583
1137,26564
1138,26777
1139,26446
1140,26163
1141,25868
1142,25455
1143,24981
1144,25061
1145,25604
1146,25911
1147,27021
1148,28907
1149,27877
1150,25321
1151,23466
1152,22458
1153,21805
1154,21701
1155,21693
1156,21860
1157,23271
1158,26841
1159,28523
1160,27188
1161,27605
1162,27609
1163,27800
1164,27978
1165,27755
1166,27605
1167,27913
1168,28258
1169,28431
1170,28484
1171,29197
1172,31000
1173,29514
1174,26625
1175,24563
1176,23404
1177,22850
1178,22796
1179,22620
1180,22981
1181,24385
1182,27742
1183,28934
1184,27510
1185,27580
1186,27437
1187,27392
1188,27407
1189,27375
1190,27460
1191,27829
1192,28010
1193,28424
1194,28647
1195,29512
1196,31166
1197,29351
1198,27024
1199,25273
1200,24162
1201,23190
1202,22870
1203,22808
1204,23052
1205,24236
1206,27587
1207,28650
1208,27558
1209,27507
1210,27543
1211,27797
1212,27609
1213,27267
1214,27377
1215,27571
1216,28100
1217,28360
1218,28678
1219,29480
1220,31243
1221,29561
1222,27059
1223,25094
1224,24145
1225,23504
1226,23289
1227,23171
1228,23400
1229,24828
1230,28138
1231,28990
1232,28252
1233,28608
1234,28546
1235,28654
1236,28677
1237,28480
1238,28354
1239,28600
1240,28949
1241,29207
1242,29396
1243,30120
1244,31200
1245,29138
1246,26934
1247,25376
1248,24158
1249,23682
1250,23429
1251,23340
1252,23511
1253,24757
1254,27574
1255,29031
1256,28231
1257,28728
1258,28507
1259,28529
1260,28642
1261,28328
1262,28067
1263,28102
1264,28146
1265,27920
1266,28098
1267,28774
1268,29557
1269,28312
1270,26735
1271,25171
1272,23987
1273,23514
1274,23057
1275,23058
1276,23169
1277,23421
1278,24259
1279,24869
1280,26179
1281,27114
1282,27260
1283,26827
1284,26590
1285,26564
1286,26205
1287,25899
1288,25643
1289,25696
1290,26383
1291,27618
1292,29272
1293,27691
1294,25961
1295,24610
1296,23699
1297,23224
1298,22665
1299,22518
1300,22371
1301,22184
1302,22647
1303,23799
1304,25599
1305,26291
1306,26319
1307,26068
1308,25954
1309,25742
1310,25393
1311,24954
1312,24766
1313,24979
1314,25628
1315,27156
1316,29175
1317,28056
1318,25951
1319,24362
1320,23434
1321,22961
1322,22771
1323,22820
1324,22951
1325,24477
1326,27242
1327,28746
1328,27795
1329,28486
1330,28659
1331,28634
1332,28949
1333,28724
1334,28552
1335,28387
1336,28680
1337,28896
1338,28883
1339,29945
1340,30623
1341,29317
1342,27142
1343,25435
1344,24146
1345,23525
1346,23252
1347,22864
1348,23221
1349,24387
1350,27622
1351,29136
1352,28039
1353,28453
1354,28297
1355,28040
1356,27926
1357,27474
1358,27447
1359,27594
1360,28109
1361,28162
1362,28577
1363,29741
1364,31251
1365,29329
1366,27245
1367,25546
1368,24314
1369,23798
1370,23489
1371,23390
1372,23564
1373,25010
1374,27916
1375,29200
1376,28313
1377,28315
1378,28322
1379,28331
1380,28347
1381,27993
1382,27675
1383,27661
1384,28197
1385,28739
1386,29196
1387,30144
1388,31582
1389,29656
1390,27423
1391,25338
1392,24250
1393,23408
1394,23107
1395,23147
1396,23198
1397,24710
1398,27614
1399,28746
1400,27727
1401,28032
1402,27743
1403,27767
1404,27782
1405,27620
1406,27646
1407,27881
1408,28181
1409,28332
1410,28366
1411,29737
1412,31432
1413,29606
1414,27561
1415,25647
1416,24394
1417,23872
1418,23641
1419,23601
1420,23979
1421,25093
1422,28130
1423,29367
1424,28568
1425,28898
1426,28833
1427,28804
1428,28600
1429,28382
1430,27795
1431,27615
1432,27748
1433,27735
1434,27750
1435,28919
1436,30348
1437,29063
1438,27369
1439,26210
1440,25171
1441,24458
1442,24168
1443,23831
1444,23893
1445,24217
1446,25020
1447,26400
1448,27484
1449,27969
1450,27895
1451,27575
1452,27246
1453,26687
1454,26488
1455,26174
1456,26198
1457,26282
1458,26822
1459,28230
1460,29710
1461,28091
1462,26466
1463,25038
1464,24293
1465,23415
1466,23114
1467,22715
1468,22701
1469,23139
1470,23655
1471,24630
1472,26208
1473,27042
1474,27190
1475,27016
1476,26777
1477,26605
1478,25871
1479,25327
1480,25527
1481,25891
1482,26509
1483,28128
1484,29585
1485,28196
1486,26050
1487,24720
1488,23711
1489,22931
1490,22744
1491,22302
1492,22689
1493,23994
1494,27207
1495,28751
1496,28083
1497,28463
1498,28273
1499,28361
1500,28604
1501,28545
1502,28223
1503,28462
1504,28911
1505,29021
1506,28969
1507,30642
1508,31715
1509,29464
1510,27007
1511,25043
1512,23910
1513,23646
1514,23287
1515,23157
1516,23364
1517,25061
1518,27802
1519,29429
1520,28147
1521,28342
1522,28416
1523,28313
1524,28341
1525,28336
1526,28009
1527,27952
1528,28218
1529,28701
1530,29038
1531,30482
1532,31006
1533,29070
1534,26786
1535,25173
1536,23980
1537,23623
1538,23128
1539,22979
1540,23375
1541,24723
1542,27699
1543,29126
1544,28066
1545,28162
1546,28064
1547,28065
1548,28134
1549,28074
1550,28102
1551,28163
1552,28616
1553,29021
1554,29627
1555,30797
1556,31605
1557,29229
1558,26999
1559,25308
1560,23983
1561,23947
1562,23559
1563,23466
1564,23645
1565,25128
1566,28283
1567,29393
1568,28445
1569,28739
1570,28674
1571,28492
1572,28425
1573,28362
1574,28116
1575,28219
1576,28668
1577,29095
1578,29205
1579,30249
1580,30605
1581,28870
1582,26767
1583,25124
1584,24234
1585,23669
1586,23483
1587,23477
1588,23754
1589,24838
1590,27628
1591,29259
1592,28707
1593,29313
1594,29105
1595,28884
1596,28820
1597,28881
1598,28518
1599,27946
1600,28342
1601,28349
1602,28560
1603,29521
1604,29940
1605,28187
1606,26513
1607,25257
1608,24379
1609,23678
1610,23081
1611,22967
1612,23126
1613,23622
1614,24351
1615,25493
1616,27252
1617,28433
1618,28313
1619,27830
1620,27586
1621,27469
1622,27070
1623,26462
1624,26228
1625,26437
1626,27048
1627,28476
1628,29349
1629,27515
1630,25682
1631,24323
1632,23094
1633,22349
1634,22129
1635,21957
1636,22032
1637,22129
1638,22648
1639,23712
1640,25266
1641,26251
1642,26507
1643,26235
1644,26283
1645,26373
1646,25799
1647,24944
1648,25111
1649,25525
1650,26335
1651,27953
1652,28899
1653,27255
1654,25290
1655,23807
1656,22807
1657,22142
1658,21959
1659,21988
1660,22521
1661,23697
1662,26928
1663,28992
1664,28046
1665,28679
1666,28646
1667,28794
1668,28892
1669,28889
1670,28911
1671,28958
1672,29083
1673,29425
1674,29820
1675,31380
1676,31231
1677,28860
1678,26859
1679,25253
1680,23969
1681,23259
1682,22847
1683,22809
1684,23328
1685,24948
1686,27460
1687,29218
1688,28438
1689,28528
1690,28140
1691,27796
1692,27717
1693,27477
1694,27241
1695,27420
1696,28131
1697,28372
1698,29117
1699,30854
1700,31264
1701,28818
1702,26925
1703,25530
1704,24054
1705,23363
1706,23080
1707,23117
1708,23449
1709,24794
1710,27284
1711,29036
1712,28091
1713,28136
1714,27950
1715,27990
1716,27855
1717,27739
1718,27714
1719,27718
1720,28348
1721,29087
1722,29416
1723,31188
1724,31405
1725,29123
1726,26760
1727,25644
1728,24468
1729,23734
1730,23623
1731,23547
1732,23828
1733,25257
1734,27638
1735,29338
1736,29022
1737,29579
1738,29644
1739,29574
1740,29652
1741,29551
1742,29373
1743,29325
1744,29714
1745,29999
1746,30285
1747,31652
1748,31612
1749,29640
1750,27555
1751,25676
1752,24658
1753,23979
1754,23606
1755,23439
1756,23493
1757,24602
1758,27053
1759,28664
1760,28679
1761,29142
1762,28914
1763,28856
1764,28874
1765,28688
1766,28479
1767,28439
1768,28641
1769,28811
1770,28903
1771,29771
1772,30391
1773,28659
1774,26937
1775,25717
1776,24607
1777,23630
1778,23320
1779,23131
1780,23090
1781,23406
1782,24265
1783,25442
1784,27109
1785,28083
1786,28176
1787,27871
1788,27633
1789,27464
1790,27061
1791,26553
1792,26508
1793,26714
1794,27310
1795,28733
1796,29687
1797,27939
1798,26436
1799,25186
1800,24003
1801,23416
1802,23112
1803,22933
1804,22971
1805,23122
1806,23470
1807,24587
1808,26253
1809,27396
1810,27608
1811,27327
1812,27102
1813,26958
1814,26535
1815,25988
1816,25990
1817,26366
1818,26954
1819,28504
1820,29422
1821,27907
1822,26050
1823,24640
1824,23604
1825,22941
1826,22729
1827,22728
1828,22796
1829,23680
1830,25652
1831,27192
1832,28131
1833,29284
1834,29235
1835,29332
1836,29323
1837,29203
1838,28998
1839,29075
1840,29408
1841,29861
1842,30132
1843,31461
1844,31126
1845,29372
1846,27391
1847,25668
1848,24530
1849,24167
1850,23770
1851,23656
1852,23881
1853,24905
1854,26400
1855,27310
1856,28494
1857,29081
1858,28844
1859,28684
1860,28689
1861,28517
1862,28215
1863,28385
1864,28833
1865,29038
1866,29494
1867,31129
1868,31158
1869,29036
1870,27132
1871,25022
1872,23955
1873,23591
1874,23253
1875,23124
1876,23302
1877,24272
1878,26306
1879,27281
1880,28139
1881,28594
1882,28442
1883,28322
1884,28100
1885,27969
1886,27730
1887,27717
1888,27887
1889,28120
1890,28553
1891,29899
1892,30345
1893,28416
1894,26640
1895,24904
1896,23847
1897,23286
1898,23014
1899,22916
1900,23031
1901,23300
1902,23979
1903,24734
1904,25838
1905,27141
1906,27555
1907,27484
1908,27265
1909,26877
1910,26521
1911,26166
1912,26336
1913,26824
1914,27583
1915,29018
1916,29294
1917,27521
1918,25570
1919,23890
1920,22888
1921,22500
1922,22126
1923,22072
1924,22431
1925,23368
1926,25280
1927,26817
1928,27830
1929,28407
1930,28300
1931,28227
1932,28105
1933,27714
1934,27265
1935,27100
1936,27173
1937,27343
1938,27930
1939,29451
1940,29359
1941,27793
1942,26101
1943,24579
1944,23295
1945,22985
1946,22538
1947,22501
1948,22540
1949,22783
1950,23491
1951,24522
1952,25973
1953,27212
1954,27167
1955,26747
1956,26409
1957,26334
1958,25964
1959,25594
1960,25541
1961,25821
1962,26668
1963,28208
1964,28483
1965,26979
1966,25340
1967,23955
1968,22581
1969,21861
1970,21306
1971,20902
1972,20852
1973,20911
1974,21501
1975,22672
1976,24745
1977,25544
1978,25634
1979,25258
1980,24598
1981,24346
1982,24107
1983,23811
1984,23886
1985,24533
1986,25603
1987,27696
1988,27501
1989,25829
1990,24366
1991,23036
1992,22202
1993,21642
1994,21435
1995,21341
1996,21597
1997,22428
1998,24267
1999,26009
2000,27448
2001,28127
2002,28119
2003,28587
2004,28424
2005,28362
2006,28200
2007,28511
2008,28922
2009,29149
2010,29438
2011,30778
2012,30183
2013,28293
2014,26164
2015,24811
2016,23281
2017,22741
2018,22580
2019,22382
2020,22659
2021,23332
2022,25311
2023,27081
2024,28210
2025,28996
2026,28794
2027,28680
2028,28927
2029,28870
2030,28925
2031,29045
2032,29434
2033,29913
2034,30364
2035,31616
2036,30887
2037,28607
2038,26443
2039,24923
2040,23751
2041,23420
2042,22869
2043,22765
2044,22952
2045,24037
2046,25744
2047,27329
2048,28456
2049,29372
2050,29076
2051,29081
2052,29079
2053,28917
2054,28632
2055,29026
2056,29106
2057,29451
2058,30069
2059,31837
2060,31475
2061,29472
2062,26968
2063,25295
2064,23921
2065,23427
2066,23119
2067,23007
2068,23145
2069,24105
2070,25792
2071,27579
2072,28851
2073,29613
2074,29501
2075,29551
2076,29211
2077,28932
2078,28795
2079,28889
2080,29287
2081,29724
2082,30050
2083,31529
2084,31129
2085,29233
2086,27309
2087,25639
2088,24296
2089,23569
2090,23241
2091,23264
2092,23474
2093,24291
2094,26107
2095,27820
2096,28914
2097,29476
2098,29335
2099,29438
2100,29168
2101,29047
2102,28628
2103,28365
2104,28417
2105,28508
2106,28655
2107,30000
2108,29863
2109,28129
2110,27189
2111,25568
2112,24284
2113,23702
2114,23137
2115,22739
2116,22818
2117,23395
2118,24137
2119,25678
2120,27261
2121,28283
2122,28282
2123,27870
2124,27700
2125,27199
2126,26614
2127,26397
2128,26035
2129,26606
2130,27346
2131,29249
2132,29505
2133,27854
2134,26121
2135,24913
2136,23987
2137,23413
2138,22932
2139,22653
2140,22625
2141,22679
2142,23145
2143,24077
2144,26330
2145,27258
2146,27358
2147,27024
2148,26653
2149,26494
2150,26036
2151,25568
2152,25371
2153,25848
2154,26498
2155,28918
2156,28973
2157,27171
2158,25225
2159,23436
2160,22663
2161,22256
2162,21744
2163,21597
2164,21633
2165,22369
2166,24485
2167,26468
2168,27681
2169,28551
2170,28442
2171,28237
2172,28016
2173,27819
2174,27732
2175,28182
2176,28690
2177,29141
2178,29995
2179,31172
2180,30175
2181,28612
2182,26282
2183,24516
2184,23236
2185,22595
2186,22484
2187,22503
2188,22834
2189,24029
2190,27170
2191,29414
2192,28408
2193,28471
2194,28237
2195,28069
2196,28047
2197,27901
2198,27654
2199,27520
2200,28382
2201,28774
2202,29681
2203,31519
2204,30502
2205,28386
2206,25933
2207,24101
2208,23041
2209,22523
2210,22380
2211,22228
2212,22469
2213,24003
2214,27086
2215,29438
2216,28282
2217,28132
2218,27789
2219,27715
2220,27260
2221,27123
2222,27141
2223,27552
2224,28262
2225,29066
2226,29892
2227,31897
2228,31202
2229,28922
2230,26681
2231,24432
2232,23122
2233,22558
2234,22228
2235,21946
2236,22215
2237,23592
2238,26832
2239,29098
2240,28129
2241,27885
2242,27271
2243,27465
2244,27222
2245,27517
2246,27354
2247,27664
2248,28070
2249,28775
2250,29777
2251,31547
2252,30594
2253,28981
2254,26526
2255,24459
2256,23018
2257,22530
2258,22059
2259,22017
2260,22330
2261,23869
2262,27007
2263,29250
2264,28922
2265,29378
2266,29392
2267,29376
2268,29403
2269,29289
2270,29054
2271,28828
2272,28951
2273,29235
2274,29878
2275,31026
2276,30129
2277,28303
2278,26259
2279,24520
2280,23442
2281,22686
2282,22218
2283,21944
2284,22155
2285,22326
2286,23181
2287,24863
2288,26897
2289,28133
2290,28009
2291,27292
2292,27127
2293,26791
2294,26147
2295,25728
2296,25699
2297,26347
2298,27429
2299,29687
2300,28772
2301,27208
2302,25376
2303,23981
2304,22754
2305,22082
2306,21626
2307,21320
2308,21646
2309,21792
2310,22195
2311,23688
2312,26055
2313,27294
2314,27338
2315,26884
2316,26530
2317,26475
2318,25879
2319,25451
2320,25406
2321,26090
2322,27569
2323,29675
2324,29082
2325,26873
2326,24758
2327,22930
2328,21825
2329,21279
2330,21554
2331,21413
2332,21886
2333,23315
2334,26544
2335,29157
2336,28573
2337,28967
2338,28696
2339,28477
2340,27919
2341,27635
2342,27640
2343,27946
2344,28678
2345,29417
2346,30655
2347,32918
2348,32099
2349,29626
2350,27297
2351,25203
2352,23862
2353,23279
2354,22975
2355,22817
2356,22938
2357,24438
2358,27906
2359,30425
2360,29122
2361,28848
2362,28287
2363,27945
2364,27843
2365,27478
2366,27460
2367,27583
2368,28589
2369,29123
2370,30047
2371,32219
2372,31315
2373,28880
2374,26686
2375,24624
2376,23369
2377,22792
2378,22307
2379,22283
2380,22847
2381,24378
2382,27823
2383,30127
2384,29135
2385,29028
2386,28188
2387,28001
2388,27853
2389,28222
2390,28162
2391,28608
2392,29143
2393,29789
2394,30580
2395,31983
2396,31252
2397,29275
2398,27178
2399,25114
2400,23837
2401,23166
2402,22723
2403,22500
2404,22634
2405,23799
2406,27595
2407,30042
2408,29506
2409,29380
2410,28895
2411,28554
2412,28380
2413,27964
2414,27685
2415,28207
2416,28982
2417,30106
2418,31308
2419,33080
2420,31936
2421,29544
2422,27369
2423,25209
2424,24076
2425,23418
2426,22948
2427,22720
2428,23095
2429,24609
2430,27736
2431,30281
2432,29531
2433,29447
2434,29019
2435,28899
2436,28884
2437,28394
2438,28411
2439,28639
2440,28785
2441,29358
2442,30556
2443,32108
2444,31291
2445,29565
2446,27669
2447,25781
2448,24358
2449,23763
2450,23508
2451,23224
2452,23494
2453,23902
2454,24730
2455,26366
2456,28056
2457,28898
2458,28547
2459,27988
2460,27648
2461,27221
2462,26723
2463,26492
2464,26408
2465,26579
2466,27921
2467,30519
2468,29544
2469,27714
2470,26047
2471,24618
2472,23284
2473,22405
2474,22037
2475,21947
2476,21777
2477,22263
2478,22609
2479,24347
2480,27019
2481,27783
2482,27418
2483,26833
2484,26770
2485,26647
2486,26057
2487,25833
2488,25813
2489,26580
2490,28391
2491,30726
2492,30207
2493,28054
2494,26133
2495,23931
2496,22902
2497,22340
2498,22320
2499,22288
2500,22508
2501,24219
2502,27822
2503,30195
2504,29527
2505,29367
2506,28883
2507,28779
2508,28410
2509,28605
2510,28523
2511,28653
2512,29311
2513,30104
2514,31655
2515,33670
2516,32403
2517,30035
2518,27737
2519,25316
2520,23860
2521,23412
2522,23222
2523,23021
2524,23287
2525,24593
2526,27837
2527,30580
2528,29496
2529,28904
2530,28215
2531,28159
2532,27768
2533,27551
2534,27552
2535,27700
2536,28541
2537,29293
2538,30934
2539,32998
2540,32030
2541,29919
2542,27560
2543,25387
2544,24034
2545,23192
2546,22965
2547,22895
2548,23340
2549,25045
2550,28473
2551,31100
2552,30425
2553,30192
2554,29578
2555,29052
2556,28603
2557,28235
2558,28323
2559,28632
2560,29299
2561,29940
2562,31174
2563,33031
2564,31723
2565,30097
2566,27693
2567,25522
2568,24082
2569,23267
2570,23021
2571,22907
2572,23087
2573,24556
2574,27691
2575,30061
2576,29718
2577,29850
2578,29415
2579,29083
2580,28772
2581,28363
2582,27966
2583,27850
2584,27691
2585,28216
2586,29496
2587,30923
2588,30087
2589,28264
2590,26555
2591,24772
2592,23669
2593,22835
2594,22311
2595,22182
2596,22258
2597,22542
2598,23091
2599,24186
2600,25584
2601,26144
2602,25896
2603,25594
2604,25069
2605,24826
2606,24473
2607,24179
2608,24538
2609,25534
2610,26673
2611,28182
2612,27286
2613,25636
2614,24208
2615,22785
2616,21739
2617,20939
2618,20823
2619,20766
2620,20869
2621,21333
2622,22087
2623,23362
2624,25165
2625,26408
2626,26711
2627,26037
2628,25406
2629,24859
2630,24647
2631,24504
2632,24442
2633,25345
2634,26746
2635,28624
2636,27466
2637,25672
2638,24163
2639,22563
2640,21373
2641,20923
2642,20621
2643,20482
2644,20589
2645,20713
2646,21364
2647,22684
2648,24505
2649,26312
2650,26714
2651,26718
2652,26572
2653,26208
2654,25672
2655,25376
2656,25110
2657,25821
2658,27093
2659,28828
2660,27571
2661,25705
2662,23619
2663,22148
2664,20785
2665,20132
2666,19924
2667,19818
2668,19918
2669,20282
2670,20789
2671,21690
2672,23562
2673,25725
2674,27319
2675,27651
2676,27359
2677,27384
2678,27125
2679,26947
2680,27376
2681,28271
2682,29613
2683,30366
2684,29192
2685,27163
2686,24538
2687,22399
2688,21016
2689,20373
2690,20080
2691,20073
2692,20402
2693,21837
2694,25097
2695,27673
2696,28081
2697,28967
2698,29421
2699,29520
2700,29183
2701,29007
2702,28651
2703,28453
2704,28970
2705,29805
2706,31405
2707,32898
2708,31810
2709,29563
2710,27132
2711,24908
2712,23302
2713,22752
2714,22430
2715,22356
2716,22708
2717,24494
2718,28203
2719,30237
2720,30030
2721,30529
2722,29922
2723,29703
2724,29634
2725,29565
2726,29212
2727,29085
2728,29885
2729,30419
2730,32126
2731,34142
2732,32665
2733,30482
2734,28496
2735,26492
2736,24886
2737,23935
2738,23076
2739,23361
2740,23781
2741,25533
2742,28678
2743,30894
2744,29929
2745,29504
2746,29251
2747,29161
2748,29080
2749,28649
2750,28250
2751,28467
2752,28892
2753,29618
2754,31327
2755,33625
2756,32137
2757,30326
2758,28188
2759,26024
2760,24362
2761,23473
2762,23247
2763,23200
2764,23586
2765,25106
2766,28293
2767,30839
2768,30070
2769,29905
2770,29280
2771,29290
2772,28964
2773,28419
2774,27845
2775,27788
2776,27944
2777,28437
2778,30067
2779,32104
2780,31093
2781,29424
2782,28145
2783,26246
2784,24720
2785,23761
2786,23256
2787,23117
2788,23181
2789,23465
2790,24128
2791,25416
2792,27477
2793,28146
2794,27877
2795,27229
2796,26722
2797,26278
2798,25763
2799,25531
2800,25518
2801,26426
2802,28229
2803,30456
2804,29293
2805,27724
2806,26192
2807,24748
2808,23750
2809,22804
2810,22237
2811,21839
2812,21723
2813,21777
2814,22348
2815,23851
2816,25980
2817,27215
2818,27110
2819,26570
2820,26212
2821,25794
2822,25299
2823,25197
2824,25400
2825,26290
2826,28281
2827,30708
2828,29404
2829,27471
2830,25443
2831,23887
2832,22572
2833,22153
2834,21905
2835,21886
2836,22195
2837,22954
2838,26545
2839,29190
2840,28601
2841,28362
2842,27998
2843,28034
2844,27982
2845,27842
2846,27688
2847,27912
2848,28409
2849,29411
2850,31411
2851,33600
2852,31932
2853,29603
2854,27395
2855,25250
2856,23793
2857,23086
2858,22711
2859,22649
2860,23077
2861,24421
2862,27537
2863,30117
2864,28959
2865,28714
2866,28212
2867,27965
2868,27810
2869,27351
2870,27284
2871,27612
2872,27998
2873,29067
2874,30946
2875,32348
2876,30813
2877,28954
2878,27282
2879,25244
2880,23946
2881,23141
2882,22755
2883,22759
2884,22840
2885,23182
2886,23755
2887,24990
2888,26705
2889,27827
2890,27980
2891,27584
2892,27180
2893,26716
2894,26200
2895,25783
2896,26097
2897,27130
2898,29391
2899,31582
2900,30236
2901,28253
2902,26178
2903,24468
2904,23270
2905,22585
2906,21980
2907,21653
2908,22160
2909,23569
2910,27080
2911,29789
2912,28993
2913,28946
2914,28231
2915,28125
2916,27709
2917,27368
2918,27146
2919,27417
2920,27847
2921,28961
2922,30949
2923,33016
2924,31352
2925,30194
2926,28314
2927,26154
2928,24666
2929,23993
2930,23340
2931,23262
2932,23660
2933,25398
2934,28604
2935,30786
2936,29982
2937,29753
2938,29175
2939,28901
2940,28459
2941,28158
2942,27714
2943,27553
2944,27671
2945,28184
2946,30007
2947,31455
2948,30106
2949,28949
2950,27613
2951,26067
2952,24462
2953,23874
2954,23404
2955,23173
2956,23345
2957,23679
2958,24492
2959,26255
2960,28016
2961,28671
2962,28375
2963,27912
2964,27566
2965,27183
2966,26813
2967,26526
2968,26306
2969,27006
2970,28894
2971,30466
2972,29310
2973,27484
2974,25904
2975,24934
2976,23893
2977,23178
2978,22541
2979,22329
2980,22365
2981,22509
2982,23018
2983,24276
2984,26706
2985,27981
2986,27753
2987,27431
2988,26707
2989,26408
2990,26177
2991,25682
2992,25615
2993,26509
2994,28933
2995,30957
2996,29963
2997,27963
2998,25574
2999,24231
3000,23096
3001,22435
3002,22326
3003,22087
3004,22440
3005,24024
3006,27411
3007,29889
3008,29182
3009,29063
3010,28595
3011,28368
3012,28193
3013,28040
3014,27757
3015,27881
3016,28699
3017,29698
3018,31835
3019,33489
3020,31993
3021,30175
3022,28135
3023,26045
3024,24558
3025,23851
3026,23498
3027,23307
3028,23564
3029,25197
3030,28274
3031,30651
3032,29573
3033,29380
3034,28999
3035,28689
3036,28329
3037,28091
3038,28274
3039,28404
3040,29061
3041,30093
3042,32123
3043,33393
3044,31745
3045,29569
3046,27677
3047,26082
3048,24494
3049,23552
3050,23009
3051,22969
3052,23102
3053,23591
3054,24072
3055,24821
3056,26223
3057,27848
3058,28561
3059,28629
3060,28248
3061,28345
3062,27832
3063,27592
3064,28045
3065,29017
3066,31075
3067,32354
3068,30876
3069,29150
3070,27260
3071,25353
3072,23607
3073,22756
3074,22493
3075,22220
3076,22732
3077,24601
3078,27909
3079,30686
3080,29969
3081,29763
3082,29018
3083,28692
3084,28584
3085,28458
3086,28449
3087,28652
3088,29482
3089,30691
3090,33205
3091,34894
3092,33156
3093,31090
3094,28741
3095,26552
3096,24936
3097,24017
3098,23550
3099,23344
3100,23779
3101,25654
3102,29282
3103,31784
3104,31031
3105,30486
3106,30267
3107,29810
3108,29423
3109,28970
3110,28706
3111,28958
3112,29228
3113,30188
3114,32015
3115,33010
3116,31975
3117,30206
3118,28795
3119,26947
3120,25284
3121,24528
3122,23955
3123,23730
3124,23807
3125,24314
3126,24916
3127,26621
3128,28523
3129,29489
3130,29335
3131,28750
3132,28355
3133,27676
3134,27535
3135,27146
3136,27268
3137,28178
3138,30315
3139,31694
3140,30145
3141,28495
3142,26764
3143,25356
3144,24185
3145,23386
3146,22941
3147,22603
3148,22609
3149,22771
3150,23303
3151,24763
3152,27428
3153,28520
3154,28504
3155,27709
3156,27413
3157,26872
3158,26288
3159,25992
3160,26042
3161,26898
3162,29395
3163,31273
3164,29943
3165,27962
3166,25946
3167,24674
3168,23274
3169,22581
3170,22290
3171,22242
3172,22802
3173,24731
3174,28589
3175,31264
3176,30221
3177,30046
3178,29516
3179,29132
3180,28809
3181,28515
3182,28533
3183,28712
3184,29285
3185,30509
3186,32839
3187,34373
3188,32346
3189,30297
3190,28086
3191,26076
3192,24295
3193,23722
3194,23406
3195,23302
3196,23703
3197,25431
3198,29056
3199,31497
3200,30400
3201,29596
3202,29208
3203,28958
3204,28441
3205,28266
3206,28023
3207,28383
3208,29161
3209,30396
3210,33004
3211,34394
3212,32743
3213,30587
3214,28090
3215,26023
3216,24424
3217,23422
3218,23123
3219,23237
3220,23519
3221,25605
3222,29247
3223,31723
3224,30637
3225,29717
3226,28889
3227,28582
3228,28325
3229,28016
3230,27728
3231,28063
3232,28949
3233,30199
3234,32853
3235,34142
3236,32579
3237,30405
3238,28288
3239,26441
3240,24829
3241,24179
3242,23785
3243,23774
3244,24171
3245,25640
3246,29448
3247,32035
3248,31019
3249,30498
3250,29624
3251,29339
3252,29020
3253,28727
3254,28396
3255,28273
3256,29208
3257,30318
3258,33231
3259,34158
3260,32731
3261,30916
3262,28503
3263,26475
3264,24919
3265,24116
3266,23881
3267,23750
3268,24095
3269,25729
3270,29376
3271,31639
3272,30624
3273,30683
3274,30050
3275,29382
3276,29217
3277,28582
3278,28179
3279,28067
3280,28516
3281,29653
3282,31736
3283,32678
3284,31277
3285,29757
3286,27767
3287,26203
3288,24565
3289,23560
3290,23255
3291,22818
3292,22977
3293,23535
3294,24386
3295,26120
3296,28102
3297,28934
3298,28499
3299,27821
3300,27361
3301,26795
3302,26569
3303,26719
3304,27081
3305,28323
3306,30852
3307,32363
3308,30903
3309,29309
3310,27380
3311,25583
3312,24333
3313,23279
3314,22361
3315,21928
3316,22037
3317,22193
3318,22867
3319,24381
3320,26598
3321,27939
3322,27787
3323,27098
3324,26765
3325,26079
3326,25439
3327,25185
3328,25552
3329,26678
3330,29311
3331,31124
3332,29719
3333,27577
3334,25260
3335,23253
3336,22268
3337,21686
3338,21490
3339,21531
3340,21792
3341,23574
3342,27700
3343,30175
3344,29559
3345,29305
3346,29248
3347,28693
3348,28234
3349,27750
3350,27605
3351,27869
3352,28503
3353,29691
3354,32463
3355,33862
3356,31866
3357,30243
3358,28052
3359,25706
3360,24189
3361,23726
3362,23283
3363,23224
3364,23621
3365,25625
3366,29509
3367,31348
3368,30576
3369,30208
3370,29723
3371,28946
3372,28782
3373,28531
3374,28437
3375,28656
3376,29568
3377,31011
3378,33436
3379,34176
3380,32853
3381,30848
3382,28594
3383,26181
3384,24614
3385,23909
3386,23711
3387,23729
3388,24135
3389,25906
3390,29714
3391,32041
3392,31223
3393,30864
3394,30447
3395,29662
3396,29285
3397,28946
3398,28712
3399,28988
3400,29702
3401,30989
3402,33557
3403,34274
3404,33047
3405,30980
3406,28681
3407,26546
3408,24785
3409,24084
3410,23665
3411,23476
3412,23920
3413,25886
3414,29759
3415,32106
3416,31385
3417,30745
3418,30067
3419,29549
3420,29080
3421,28662
3422,28472
3423,28861
3424,29834
3425,31125
3426,33938
3427,34557
3428,32614
3429,30970
3430,28862
3431,26370
3432,25057
3433,24374
3434,24007
3435,24067
3436,24554
3437,26411
3438,29950
3439,32445
3440,31881
3441,31595
3442,31381
3443,31010
3444,30282
3445,29579
3446,29093
3447,29320
3448,29776
3449,30803
3450,32646
3451,33622
3452,32339
3453,30674
3454,28944
3455,27133
3456,25430
3457,24392
3458,23785
3459,23602
3460,23697
3461,24477
3462,25520
3463,26964
3464,29039
3465,29960
3466,29813
3467,29016
3468,28039
3469,27837
3470,27573
3471,27274
3472,27629
3473,28839
3474,31273
3475,32512
3476,31205
3477,29241
3478,27310
3479,25615
3480,24259
3481,23335
3482,22614
3483,22068
3484,22298
3485,22757
3486,23378
3487,24751
3488,27182
3489,28933
3490,28890
3491,27943
3492,27456
3493,27148
3494,26678
3495,26486
3496,26727
3497,27956
3498,30908
3499,32958
3500,31544
3501,29247
3502,27071
3503,24520
3504,23149
3505,22062
3506,22183
3507,22198
3508,22617
3509,24703
3510,28358
3511,30839
3512,30383
3513,30533
3514,30457
3515,30437
3516,30063
3517,29543
3518,29475
3519,30110
3520,30908
3521,31827
3522,34492
3523,35122
3524,33469
3525,31710
3526,29037
3527,26587
3528,24935
3529,24103
3530,23896
3531,23591
3532,24100
3533,26185
3534,29817
3535,32505
3536,31848
3537,31228
3538,30692
3539,30934
3540,30320
3541,29937
3542,29946
3543,30178
3544,30993
3545,32114
3546,34888
3547,35717
3548,34336
3549,31864
3550,29491
3551,26582
3552,24756
3553,24106
3554,23650
3555,23582
3556,24119
3557,26083
3558,29677
3559,32534
3560,32026
3561,31661
3562,31208
3563,30516
3564,29745
3565,29493
3566,29470
3567,29683
3568,30505
3569,31990
3570,34304
3571,35265
3572,33585
3573,31757
3574,29247
3575,26634
3576,25038
3577,24233
3578,23664
3579,23514
3580,23811
3581,25721
3582,28580
3583,31438
3584,31510
3585,31716
3586,30991
3587,30618
3588,29913
3589,29243
3590,29069
3591,29445
3592,30424
3593,31851
3594,34446
3595,35429
3596,34146
3597,32427
3598,29723
3599,27226
3600,25512
3601,24395
3602,24215
3603,24108
3604,24381
3605,26220
3606,29763
3607,32879
3608,32641
3609,32292
3610,31636
3611,30845
3612,30394
3613,29758
3614,29179
3615,29354
3616,29922
3617,30638
3618,32713
3619,33831
3620,32902
3621,31609
3622,29859
3623,27416
3624,25613
3625,24544
3626,24018
3627,23791
3628,23897
3629,24528
3630,25615
3631,27150
3632,29427
3633,30621
3634,30229
3635,29383
3636,28426
3637,28109
3638,27712
3639,27283
3640,27456
3641,28887
3642,31440
3643,32890
3644,31627
3645,30107
3646,28393
3647,26364
3648,24859
3649,23831
3650,23035
3651,22454
3652,22448
3653,22849
3654,23438
3655,24863
3656,27845
3657,29297
3658,29195
3659,28229
3660,27674
3661,27081
3662,26724
3663,26580
3664,26997
3665,28407
3666,31529
3667,33233
3668,32192
3669,30047
3670,27550
3671,25307
3672,23609
3673,23035
3674,22696
3675,22526
3676,22862
3677,24570
3678,28293
3679,30308
3680,29853
3681,29716
3682,30028
3683,29746
3684,29131
3685,28493
3686,28414
3687,28751
3688,29497
3689,30448
3690,32950
3691,34826
3692,34028
3693,31750
3694,29126
3695,26333
3696,24123
3697,23292
3698,22994
3699,22932
3700,23227
3701,24879
3702,28612
3703,30441
3704,30316
3705,29923
3706,30291
3707,29983
3708,29316
3709,28910
3710,28825
3711,28934
3712,29575
3713,30589
3714,33059
3715,34454
3716,33321
3717,31014
3718,28221
3719,25363
3720,23437
3721,22499
3722,22020
3723,22072
3724,22251
3725,24113
3726,27872
3727,29762
3728,29472
3729,29328
3730,29499
3731,29209
3732,28868
3733,28354
3734,28264
3735,28392
3736,29263
3737,30124
3738,32103
3739,33737
3740,32761
3741,30438
3742,28048
3743,25566
3744,23835
3745,22941
3746,22565
3747,22533
3748,22959
3749,24772
3750,28504
3751,30098
3752,30167
3753,30302
3754,30458
3755,29906
3756,29062
3757,28651
3758,28381
3759,28771
3760,29679
3761,30966
3762,32892
3763,34428
3764,33977
3765,32219
3766,29304
3767,26748
3768,25029
3769,24020
3770,23710
3771,23607
3772,23937
3773,25547
3774,28740
3775,30679
3776,31081
3777,31353
3778,31096
3779,30784
3780,30116
3781,29359
3782,28616
3783,28580
3784,28926
3785,30161
3786,31831
3787,33340
3788,32907
3789,31069
3790,28841
3791,26965
3792,24980
3793,23522
3794,23126
3795,22890
3796,23121
3797,23574
3798,24883
3799,26676
3800,29132
3801,30715
3802,30444
3803,29786
3804,29219
3805,28755
3806,28161
3807,27740
3808,28019
3809,28630
3810,31141
3811,32510
3812,31051
3813,28997
3814,27123
3815,25295
3816,23795
3817,22866
3818,22164
3819,21855
3820,21855
3821,22028
3822,22522
3823,23736
3824,26595
3825,28506
3826,28451
3827,27557
3828,26762
3829,26354
3830,26028
3831,25728
3832,25960
3833,27454
3834,30668
3835,32270
3836,30923
3837,28884
3838,26336
3839,24157
3840,22507
3841,21510
3842,21342
3843,21423
3844,21708
3845,23804
3846,27390
3847,29663
3848,30092
3849,30315
3850,30800
3851,30206
3852,29794
3853,29399
3854,28894
3855,29147
3856,29442
3857,30808
3858,33108
3859,34775
3860,34178
3861,31985
3862,29290
3863,26875
3864,24887
3865,23890
3866,23431
3867,23206
3868,23539
3869,25038
3870,28209
3871,30169
3872,30479
3873,30347
3874,30353
3875,29581
3876,28983
3877,28099
3878,27653
3879,27681
3880,28433
3881,29660
3882,31981
3883,33520
3884,32780
3885,30746
3886,28054
3887,25607
3888,23600
3889,23104
3890,23114
3891,23061
3892,23287
3893,24536
3894,28048
3895,29268
3896,29484
3897,29944
3898,29909
3899,29234
3900,28612
3901,28132
3902,27644
3903,28043
3904,28670
3905,30079
3906,32398
3907,34047
3908,33236
3909,31128
3910,28895
3911,26758
3912,24511
3913,23602
3914,23122
3915,23105
3916,23578
3917,25248
3918,27929
3919,29809
3920,30723
3921,31373
3922,31684
3923,31254
3924,30608
3925,30208
3926,29946
3927,29812
3928,30786
3929,32034
3930,33927
3931,34782
3932,33998
3933,32456
3934,29972
3935,27734
3936,25169
3937,24640
3938,24255
3939,24159
3940,24339
3941,25452
3942,27523
3943,29543
3944,30362
3945,31759
3946,32499
3947,31951
3948,30954
3949,30132
3950,29422
3951,29065
3952,29102
3953,30204
3954,31571
3955,32314
3956,32700
3957,31320
3958,29386
3959,27623
3960,25542
3961,24087
3962,23240
3963,22839
3964,22988
3965,23257
3966,24327
3967,25676
3968,28320
3969,30222
3970,30068
3971,29198
3972,28316
3973,27611
3974,26990
3975,26845
3976,27076
3977,28422
3978,31248
3979,33202
3980,31877
3981,30117
3982,28048
3983,26332
3984,24367
3985,23250
3986,22615
3987,22375
3988,22598
3989,22657
3990,23371
3991,24646
3992,27601
3993,29500
3994,29536
3995,28680
3996,27722
3997,26976
3998,26343
3999,25768
4000,26068
4001,27391
4002,30423
4003,32285
4004,30942
4005,28885
4006,27040
4007,24966
4008,23262
4009,22265
4010,21711
4011,21340
4012,21504
4013,22281
4014,23110
4015,24320
4016,26331
4017,28378
4018,29238
4019,29180
4020,28247
4021,27884
4022,27264
4023,27342
4024,27964
4025,29850
4026,32941
4027,34077
4028,32662
4029,31003
4030,28673
4031,26603
4032,24666
4033,23691
4034,23465
4035,23276
4036,23603
4037,25288
4038,27501
4039,28318
4040,30252
4041,31800
4042,32867
4043,32305
4044,31627
4045,30981
4046,30819
4047,30704
4048,31153
4049,32347
4050,33687
4051,35024
4052,34496
4053,32730
4054,30328
4055,27814
4056,25743
4057,24488
4058,23922
4059,23784
4060,23900
4061,25056
4062,27345
4063,28179
4064,29717
4065,31163
4066,32052
4067,31693
4068,30907
4069,30334
4070,29435
4071,29915
4072,30891
4073,32193
4074,33365
4075,35050
4076,34071
4077,32521
4078,29989
4079,27095
4080,25081
4081,23620
4082,23232
4083,23290
4084,23860
4085,25262
4086,27976
4087,28801
4088,30677
4089,31764
4090,32628
4091,32057
4092,31344
4093,30249
4094,29774
4095,29686
4096,30478
4097,31730
4098,33312
4099,34830
4100,34135
4101,32287
4102,29979
4103,27285
4104,25097
4105,24052
4106,23606
4107,23312
4108,23724
4109,25275
4110,27432
4111,27919
4112,29767
4113,31225
4114,31875
4115,31026
4116,30550
4117,29766
4118,28916
4119,28816
4120,29202
4121,30112
4122,30969
4123,32332
4124,31933
4125,30625
4126,28875
4127,27158
4128,25242
4129,23519
4130,23144
4131,23068
4132,22846
4133,23573
4134,24713
4135,25973
4136,28117
4137,29996
4138,30200
4139,29659
4140,28790
4141,28290
4142,28080
4143,27523
4144,27795
4145,28908
4146,31417
4147,33096
4148,31532
4149,29781
4150,27942
4151,26260
4152,24362
4153,23107
4154,22540
4155,22155
4156,22265
4157,22746
4158,23681
4159,24632
4160,27326
4161,29398
4162,29983
4163,29614
4164,28949
4165,28550
4166,28223
4167,27728
4168,28115
4169,29537
4170,32260
4171,34032
4172,32844
4173,30973
4174,28668
4175,26626
4176,24630
4177,23231
4178,22690
4179,22529
4180,23123
4181,24199
4182,26835
4183,27972
4184,29565
4185,30906
4186,31731
4187,31468
4188,30805
4189,30136
4190,29651
4191,29617
4192,30195
4193,31586
4194,33328
4195,34999
4196,34408
4197,32613
4198,30671
4199,27928
4200,25653
4201,24837
4202,24421
4203,24544
4204,24901
4205,26233
4206,28204
4207,28850
4208,30878
4209,31838
4210,31958
4211,31303
4212,30689
4213,29567
4214,29625
4215,29479
4216,30178
4217,31127
4218,32406
4219,33637
4220,33177
4221,31450
4222,29244
4223,27282
4224,25253
4225,23721
4226,23045
4227,23000
4228,23334
4229,24644
4230,27305
4231,27989
4232,29699
4233,31613
4234,32662
4235,32096
4236,31314
4237,30797
4238,30543
4239,30480
4240,30967
4241,31767
4242,33132
4243,34354
4244,33877
4245,32549
4246,30212
4247,27955
4248,25649
4249,24818
4250,24332
4251,24258
4252,24373
4253,25364
4254,26855
4255,27624
4256,29335
4257,30421
4258,31393
4259,30901
4260,30135
4261,29255
4262,28348
4263,28423
4264,28907
4265,30188
4266,31647
4267,33393
4268,32831
4269,31031
4270,29187
4271,27151
4272,24914
4273,23762
4274,23347
4275,23133
4276,23323
4277,24676
4278,25841
4279,26809
4280,28918
4281,30334
4282,30907
4283,30390
4284,29572
4285,28720
4286,28313
4287,28159
4288,28186
4289,28907
4290,30013
4291,31650
4292,31634
4293,30768
4294,29139
4295,28061
4296,26323
4297,24660
4298,23964
4299,23778
4300,23865
4301,24353
4302,25111
4303,25992
4304,28146
4305,29792
4306,29696
4307,28578
4308,27813
4309,27464
4310,26324
4311,25776
4312,25865
4313,27253
4314,29901
4315,31763
4316,30915
4317,29533
4318,28137
4319,26481
4320,24915
4321,23489
4322,22743
4323,22410
4324,22495
4325,22843
4326,23532
4327,24567
4328,26753
4329,28523
4330,28648
4331,27627
4332,26861
4333,26429
4334,26424
4335,25883
4336,26101
4337,27185
4338,29515
4339,31505
4340,30569
4341,28916
4342,26684
4343,24291
4344,22869
4345,22107
4346,21517
4347,21412
4348,21613
4349,22478
4350,24627
4351,25748
4352,27718
4353,29348
4354,30754
4355,30453
4356,29755
4357,29245
4358,28801
4359,28951
4360,29332
4361,30726
4362,32141
4363,33993
4364,33309
4365,31560
4366,29167
4367,26250
4368,23990
4369,23227
4370,22781
4371,22653
4372,23214
4373,24340
4374,26120
4375,26895
4376,28898
4377,30528
4378,31774
4379,31508
4380,30838
4381,30032
4382,29734
4383,29439
4384,29713
4385,30974
4386,32568
4387,34614
4388,34259
4389,32349
4390,29532
4391,26970
4392,24920
4393,23463
4394,23031
4395,22985
4396,23531
4397,24680
4398,26559
4399,27575
4400,29616
4401,30760
4402,31748
4403,31224
4404,30645
4405,30015
4406,29347
4407,29060
4408,29688
4409,30817
4410,32582
4411,34441
4412,34083
4413,32798
4414,30268
4415,27668
4416,25726
4417,24402
4418,23856
4419,23595
4420,23926
4421,24995
4422,26624
4423,27721
4424,29612
4425,30782
4426,31494
4427,30893
4428,30134
4429,29430
4430,28865
4431,28643
4432,29511
4433,30800
4434,32390
4435,34355
4436,34021
4437,32240
4438,29855
4439,27619
4440,25438
4441,24164
4442,23409
4443,23155
4444,23819
4445,25162
4446,27038
4447,27920
4448,29960
4449,31465
4450,32248
4451,31730
4452,31077
4453,30488
4454,29933
4455,29657
4456,29765
4457,30520
4458,31858
4459,33228
4460,33023
4461,32360
4462,30222
4463,28264
4464,26098
4465,24205
4466,23623
4467,23388
4468,23238
4469,23598
4470,24090
4471,25507
4472,27490
4473,29449
4474,29628
4475,29169
4476,28342
4477,27925
4478,27118
4479,26629
4480,26731
4481,27620
4482,30217
4483,32032
4484,30711
4485,28958
4486,27439
4487,26098
4488,24355
4489,22831
4490,21808
4491,21479
4492,21626
4493,22132
4494,22710
4495,23563
4496,26227
4497,28630
4498,28919
4499,28569
4500,27976
4501,27356
4502,26709
4503,26097
4504,26236
4505,27371
4506,30064
4507,32498
4508,31646
4509,29835
4510,27433
4511,25577
4512,23786
4513,22601
4514,22044
4515,21774
4516,22147
4517,23674
4518,25671
4519,26727
4520,28673
4521,30364
4522,31395
4523,31223
4524,30462
4525,29783
4526,29526
4527,29467
4528,30002
4529,30935
4530,32459
4531,34454
4532,33993
4533,32623
4534,29739
4535,26495
4536,24514
4537,23771
4538,23522
4539,23364
4540,23679
4541,25324
4542,29085
4543,30823
4544,30544
4545,30277
4546,30383
4547,29654
4548,29444
4549,28967
4550,28036
4551,27797
4552,28770
4553,30191
4554,32032
4555,34481
4556,33989
4557,32241
4558,29505
4559,26925
4560,24914
4561,24050
4562,23414
4563,23332
4564,23684
4565,25004
4566,28173
4567,30315
4568,30005
4569,29948
4570,30246
4571,29180
4572,28796
4573,28243
4574,28025
4575,28283
4576,28974
4577,30178
4578,32380
4579,34936
4580,33956
4581,32138
4582,29898
4583,27946
4584,25278
4585,23889
4586,23373
4587,23138
4588,23821
4589,25398
4590,28242
4591,30569
4592,30136
4593,29960
4594,30099
4595,29329
4596,28512
4597,27814
4598,27436
4599,27422
4600,28045
4601,29239
4602,31456
4603,33840
4604,32985
4605,31617
4606,28926
4607,26708
4608,24964
4609,24243
4610,23812
4611,23722
4612,24270
4613,25909
4614,28878
4615,31035
4616,30899
4617,31117
4618,31448
4619,30761
4620,30172
4621,29508
4622,28779
4623,28375
4624,28733
4625,29429
4626,30937
4627,32903
4628,32542
4629,31043
4630,29134
4631,26864
4632,25304
4633,24316
4634,23394
4635,23302
4636,23620
4637,24191
4638,24835
4639,25905
4640,28341
4641,30322
4642,30380
4643,29722
4644,28872
4645,28322
4646,27496
4647,26894
4648,27028
4649,28175
4650,30749
4651,33160
4652,31907
4653,30233
4654,28456
4655,26394
4656,24456
4657,23254
4658,22649
4659,22172
4660,22058
4661,22093
4662,22817
4663,23898
4664,26859
4665,28966
4666,28924
4667,28419
4668,27625
4669,26976
4670,26467
4671,26125
4672,26149
4673,27398
4674,30156
4675,32692
4676,31792
4677,30078
4678,28029
4679,25229
4680,23472
4681,22573
4682,22162
4683,21936
4684,22514
4685,24352
4686,27939
4687,30255
4688,29948
4689,30213
4690,30695
4691,30345
4692,29623
4693,28987
4694,28403
4695,28511
4696,29180
4697,30386
4698,32056
4699,34723
4700,34366
4701,32856
4702,29765
4703,26915
4704,24740
4705,24086
4706,23879
4707,23556
4708,23854
4709,25969
4710,29086
4711,30951
4712,30327
4713,30055
4714,29938
4715,29522
4716,28704
4717,28001
4718,27671
4719,27714
4720,28833
4721,30246
4722,32422
4723,34984
4724,34432
4725,32590
4726,29653
4727,26950
4728,25056
4729,23885
4730,23557
4731,23511
4732,23921
4733,25446
4734,28945
4735,31070
4736,30078
4737,29695
4738,29841
4739,29421
4740,28834
4741,28322
4742,27892
4743,27959
4744,28635
4745,30251
4746,31987
4747,34546
4748,34249
4749,32229
4750,29661
4751,27087
4752,25186
4753,23977
4754,23415
4755,23073
4756,23702
4757,25267
4758,28709
4759,30766
4760,30439
4761,30097
4762,30270
4763,29903
4764,29253
4765,28517
4766,28076
4767,28089
4768,28633
4769,29687
4770,31172
4771,33648
4772,33331
4773,31573
4774,28827
4775,25964
4776,24207
4777,23298
4778,23003
4779,22914
4780,23197
4781,24581
4782,28171
4783,29880
4784,29656
4785,29861
4786,30163
4787,29396
4788,28916
4789,28467
4790,27668
4791,27359
4792,27649
4793,28637
4794,29822
4795,32222
4796,31819
4797,30105
4798,28476
4799,26800
4800,24949
4801,23193
4802,22329
4803,21926
4804,22059
4805,22689
4806,23836
4807,25128
4808,27537
4809,29572
4810,30347
4811,29946
4812,29297
4813,28686
4814,27984
4815,27578
4816,27408
4817,28890
4818,31304
4819,33302
4820,32317
4821,30119
4822,27980
4823,25756
4824,23763
4825,22639
4826,21948
4827,21667
4828,21587
4829,21989
4830,22712
4831,24281
4832,27262
4833,29419
4834,30014
4835,29349
4836,28771
4837,28043
4838,27224
4839,26809
4840,27039
4841,27577
4842,29966
4843,32668
4844,31633
4845,29720
4846,27213
4847,24580
4848,22428
4849,21520
4850,21330
4851,21311
4852,21471
4853,23341
4854,27671
4855,30335
4856,30111
4857,30343
4858,30741
4859,30274
4860,29385
4861,28749
4862,28135
4863,27880
4864,28631
4865,30105
4866,31909
4867,34463
4868,34027
4869,32118
4870,28894
4871,26120
4872,24354
4873,23236
4874,22561
4875,22712
4876,23191
4877,24858
4878,28638
4879,30613
4880,30184
4881,29871
4882,30299
4883,29762
4884,29172
4885,28550
4886,28253
4887,28412
4888,29316
4889,30381
4890,31687
4891,34033
4892,33444
4893,31515
4894,28658
4895,25507
4896,23441
4897,22854
4898,22456
4899,22278
4900,22817
4901,24537
4902,28138
4903,30287
4904,30047
4905,30407
4906,31443
4907,31152
4908,30608
4909,29766
4910,28662
4911,28822
4912,29757
4913,30860
4914,32350
4915,34901
4916,34802
4917,33064
4918,30076
4919,27041
4920,24992
4921,23934
4922,23436
4923,23261
4924,23499
4925,25149
4926,28556
4927,30897
4928,30722
4929,30653
4930,30888
4931,30220
4932,29585
4933,28906
4934,28355
4935,28240
4936,28891
4937,30349
4938,31748
4939,34720
4940,34669
4941,32874
4942,30107
4943,27630
4944,25651
4945,24608
4946,24097
4947,24019
4948,24070
4949,26087
4950,29197
4951,31333
4952,31229
4953,30987
4954,31234
4955,30682
4956,30038
4957,28783
4958,27908
4959,27712
4960,27869
4961,28933
4962,29864
4963,32104
4964,32438
4965,31407
4966,29440
4967,27535
4968,25667
4969,24267
4970,23439
4971,22960
4972,23137
4973,23417
4974,24575
4975,25813
4976,27945
4977,29787
4978,29939
4979,29126
4980,28282
4981,27705
4982,26877
4983,26323
4984,26227
4985,27330
4986,29793
4987,32087
4988,30931
4989,29240
4990,27288
4991,25631
4992,23954
4993,22388
4994,21680
4995,21385
4996,21437
4997,21787
4998,22642
4999,24019
5000,26695
5001,28698
5002,29029
5003,28301
5004,27477
5005,26930
5006,26204
5007,25704
5008,25732
5009,26871
5010,29834
5011,32248
5012,31545
5013,29657
5014,27125
5015,24373
5016,22540
5017,21670
5018,21349
5019,21225
5020,22018
5021,23623
5022,27543
5023,29894
5024,29299
5025,29038
5026,29579
5027,29071
5028,28161
5029,27680
5030,27031
5031,27060
5032,27913
5033,29233
5034,30806
5035,33185
5036,32835
5037,31172
5038,28625
5039,25751
5040,23922
5041,23149
5042,22625
5043,22296
5044,22748
5045,24885
5046,28787
5047,30264
5048,29706
5049,29519
5050,29693
5051,28983
5052,28220
5053,27722
5054,26898
5055,26881
5056,27265
5057,28503
5058,30279
5059,33209
5060,32752
5061,31289
5062,28719
5063,26041
5064,24366
5065,23515
5066,22918
5067,22942
5068,23333
5069,25175
5070,28865
5071,30713
5072,30035
5073,29864
5074,29990
5075,28947
5076,28249
5077,27690
5078,27296
5079,27378
5080,27944
5081,29225
5082,30848
5083,33317
5084,33544
5085,32043
5086,29161
5087,26626
5088,24900
5089,24034
5090,23577
5091,23368
5092,23734
5093,25553
5094,29179
5095,30896
5096,29983
5097,29830
5098,29743
5099,28996
5100,27856
5101,27367
5102,26809
5103,26667
5104,27560
5105,28842
5106,30085
5107,32842
5108,32908
5109,31405
5110,28809
5111,26429
5112,25004
5113,23741
5114,23183
5115,23279
5116,23798
5117,25226
5118,28595
5119,30472
5120,30153
5121,30174
5122,30387
5123,29754
5124,29107
5125,28131
5126,27474
5127,27237
5128,27256
5129,27890
5130,28654
5131,30952
5132,31198
5133,29718
5134,27847
5135,26247
5136,24420
5137,23751
5138,23528
5139,23392
5140,23431
5141,23721
5142,24488
5143,25946
5144,28388
5145,29766
5146,29551
5147,28524
5148,27826
5149,27126
5150,26436
5151,25929
5152,25724
5153,26521
5154,28561
5155,31187
5156,30272
5157,28746
5158,26872
5159,25424
5160,24125
5161,23060
5162,22282
5163,22230
5164,22073
5165,22309
5166,22517
5167,23811
5168,26536
5169,28337
5170,28253
5171,27441
5172,26835
5173,25999
5174,25059
5175,24516
5176,24653
5177,25792
5178,27832
5179,30778
5180,30334
5181,28493
5182,26018
5183,24531
5184,22958
5185,22265
5186,21943
5187,21911
5188,22544
5189,24387
5190,27111
5191,29328
5192,28570
5193,28289
5194,28957
5195,28183
5196,27977
5197,27502
5198,26855
5199,26655
5200,27259
5201,28504
5202,30285
5203,32648
5204,32082
5205,30007
5206,27453
5207,25250
5208,23573
5209,23009
5210,22785
5211,22655
5212,23066
5213,25052
5214,28324
5215,30046
5216,29396
5217,28983
5218,29238
5219,28796
5220,28253
5221,27710
5222,27445
5223,27534
5224,28181
5225,29279
5226,30407
5227,33114
5228,32717
5229,31190
5230,28478
5231,26257
5232,24423
5233,23076
5234,22375
5235,22150
5236,22744
5237,24180
5238,27461
5239,29258
5240,28047
5241,27649
5242,27949
5243,27513
5244,27254
5245,26630
5246,26209
5247,26319
5248,26950
5249,27886
5250,28625
5251,31373
5252,30960
5253,29177
5254,26730
5255,24066
5256,22841
5257,22310
5258,21846
5259,21869
5260,22713
5261,24641
5262,27911
5263,29249
5264,28673
5265,28433
5266,28754
5267,28296
5268,27867
5269,27665
5270,27215
5271,27113
5272,27508
5273,28116
5274,28720
5275,31372
5276,30873
5277,29308
5278,27411
5279,25801
5280,24375
5281,23473
5282,22842
5283,22361
5284,22588
5285,23448
5286,24353
5287,25029
5288,27161
5289,29010
5290,29766
5291,29481
5292,28805
5293,28010
5294,27488
5295,26992
5296,27152
5297,27960
5298,28808
5299,30918
5300,30174
5301,28465
5302,26622
5303,25455
5304,23893
5305,22615
5306,22105
5307,21594
5308,21667
5309,21962
5310,22279
5311,23583
5312,25835
5313,27968
5314,28693
5315,28332
5316,27513
5317,26428
5318,25487
5319,24984
5320,24950
5321,25668
5322,27749
5323,30958
5324,29786
5325,28014
5326,26409
5327,25056
5328,23424
5329,21954
5330,21271
5331,20965
5332,20855
5333,21103
5334,21829
5335,23319
5336,25594
5337,27808
5338,28476
5339,27783
5340,27053
5341,26247
5342,25487
5343,24524
5344,24507
5345,25796
5346,27892
5347,30697
5348,29887
5349,27593
5350,25048
5351,23301
5352,21575
5353,21143
5354,20937
5355,20890
5356,21389
5357,23350
5358,26770
5359,28311
5360,27774
5361,27972
5362,28636
5363,28389
5364,28156
5365,27864
5366,27424
5367,27281
5368,27890
5369,28883
5370,29654
5371,32574
5372,32576
5373,30482
5374,27604
5375,25521
5376,24117
5377,23169
5378,22702
5379,22698
5380,23160
5381,25036
5382,28665
5383,29913
5384,29247
5385,28846
5386,29168
5387,28974
5388,28579
5389,28235
5390,28040
5391,28093
5392,28496
5393,29263
5394,30055
5395,32599
5396,32640
5397,30232
5398,27375
5399,25619
5400,24028
5401,22852
5402,22300
5403,22224
5404,22693
5405,24611
5406,28227
5407,29598
5408,28674
5409,28335
5410,28866
5411,28529
5412,28118
5413,27636
5414,27435
5415,27482
5416,27705
5417,29022
5418,29988
5419,32645
5420,32568
5421,30387
5422,28068
5423,25360
5424,23899
5425,22815
5426,22548
5427,22468
5428,22977
5429,24500
5430,27836
5431,29248
5432,28611
5433,28389
5434,28328
5435,28091
5436,27918
5437,27588
5438,27214
5439,27399
5440,28216
5441,29094
5442,29923
5443,32831
5444,32292
5445,30711
5446,28239
5447,25549
5448,23946
5449,23255
5450,22792
5451,22479
5452,22867
5453,24503
5454,27944
5455,29302
5456,28429
5457,28205
5458,28577
5459,28560
5460,28095
5461,27298
5462,26766
5463,26559
5464,26835
5465,27257
5466,27770
5467,30103
5468,30254
5469,28798
5470,27001
5471,25550
5472,24058
5473,23191
5474,22773
5475,22827
5476,22961
5477,23424
5478,24269
5479,25753
5480,27585
5481,28445
5482,28278
5483,27540
5484,26942
5485,26369
5486,25700
5487,24992
5488,24906
5489,25494
5490,27158
5491,29673
5492,29015
5493,27141
5494,25337
5495,23848
5496,22309
5497,21442
5498,20900
5499,20833
5500,20772
5501,20983
5502,21340
5503,23038
5504,25631
5505,27337
5506,27337
5507,26548
5508,25648
5509,24980
5510,24293
5511,23863
5512,23820
5513,24522
5514,26846
5515,30130
5516,29313
5517,27096
5518,24751
5519,22936
5520,21590
5521,21428
5522,21516
5523,21527
5524,21568
5525,23071
5526,26886
5527,28942
5528,28091
5529,28285
5530,28715
5531,28322
5532,27805
5533,27338
5534,26950
5535,27033
5536,27716
5537,28666
5538,29304
5539,32005
5540,31978
5541,29922
5542,27237
5543,24737
5544,23269
5545,22454
5546,22302
5547,22240
5548,22673
5549,24461
5550,28099
5551,29642
5552,28925
5553,28900
5554,29245
5555,28979
5556,28708
5557,28063
5558,27900
5559,28181
5560,28943
5561,29387
5562,30040
5563,32712
5564,32562
5565,31036
5566,27927
5567,25594
5568,23985
5569,23034
5570,22496
5571,22423
5572,22995
5573,24475
5574,28319
5575,29893
5576,28944
5577,28514
5578,29057
5579,28854
5580,28291
5581,28004
5582,27439
5583,27629
5584,28459
5585,29183
5586,29425
5587,32477
5588,32779
5589,30844
5590,28530
5591,25913
5592,24263
5593,23049
5594,22588
5595,22518
5596,22934
5597,24366
5598,28066
5599,29580
5600,28553
5601,28385
5602,28898
5603,28549
5604,28307
5605,27808
5606,27162
5607,27300
5608,27766
5609,28463
5610,29239
5611,32365
5612,32411
5613,30680
5614,28451
5615,25896
5616,24308
5617,23539
5618,23054
5619,22949
5620,23307
5621,25005
5622,28742
5623,30271
5624,29663
5625,29443
5626,29489
5627,29104
5628,28633
5629,27890
5630,27136
5631,27033
5632,27290
5633,27736
5634,28145
5635,30602
5636,30747
5637,29366
5638,27382
5639,25845
5640,24451
5641,23293
5642,22711
5643,22529
5644,22586
5645,23060
5646,24183
5647,25738
5648,27620
5649,28585
5650,28188
5651,27304
5652,26597
5653,26299
5654,25644
5655,24998
5656,24922
5657,25666
5658,27329
5659,30019
5660,29326
5661,27859
5662,26246
5663,24288
5664,23015
5665,21976
5666,21363
5667,21065
5668,21022
5669,21438
5670,22373
5671,24056
5672,26446
5673,27574
5674,27362
5675,26331
5676,25612
5677,25253
5678,24459
5679,24130
5680,24163
5681,24886
5682,26666
5683,29605
5684,29115
5685,27038
5686,25111
5687,23458
5688,22190
5689,21686
5690,21498
5691,21319
5692,21947
5693,23696
5694,27354
5695,28920
5696,28073
5697,27894
5698,28045
5699,27869
5700,27401
5701,26652
5702,26286
5703,26215
5704,26732
5705,27374
5706,27790
5707,30801
5708,31230
5709,29322
5710,27005
5711,24898
5712,23573
5713,22587
5714,22099
5715,21909
5716,22627
5717,24317
5718,27988
5719,29494
5720,28131
5721,27735
5722,28073
5723,27754
5724,27421
5725,26665
5726,26508
5727,26525
5728,27021
5729,27670
5730,27832
5731,31287
5732,31104
5733,29280
5734,27134
5735,24686
5736,23467
5737,22601
5738,22214
5739,22284
5740,22803
5741,24587
5742,28102
5743,29648
5744,28027
5745,27751
5746,28212
5747,28194
5748,27824
5749,27430
5750,27402
5751,27565
5752,28326
5753,28786
5754,29303
5755,31683
5756,31729
5757,29783
5758,27627
5759,25520
5760,24031
5761,23360
5762,22966
5763,22861
5764,23355
5765,25089
5766,28425
5767,29846
5768,29012
5769,28763
5770,29198
5771,28576
5772,28213
5773,27894
5774,27593
5775,27762
5776,28132
5777,28667
5778,28823
5779,31659
5780,31858
5781,29982
5782,27535
5783,25669
5784,24210
5785,23455
5786,23001
5787,22850
5788,23260
5789,24872
5790,28335
5791,29586
5792,28779
5793,28699
5794,29091
5795,28662
5796,28161
5797,27506
5798,27013
5799,26895
5800,27013
5801,27420
5802,27482
5803,29619
5804,29875
5805,28557
5806,26872
5807,25076
5808,23642
5809,22937
5810,22443
5811,22157
5812,22375
5813,22774
5814,23657
5815,25402
5816,27031
5817,27697
5818,27236
5819,26762
5820,26009
5821,25641
5822,25119
5823,24506
5824,24329
5825,25349
5826,27067
5827,29985
5828,29320
5829,27824
5830,25996
5831,24367
5832,23271
5833,22194
5834,21575
5835,21568
5836,21605
5837,21871
5838,22577
5839,24335
5840,26962
5841,28320
5842,27515
5843,26839
5844,26111
5845,25569
5846,25088
5847,24407
5848,24368
5849,25065
5850,26898
5851,29796
5852,29470
5853,28648
5854,26343
5855,24365
5856,23003
5857,22025
5858,21584
5859,21412
5860,21923
5861,23723
5862,27589
5863,30258
5864,28703
5865,27950
5866,27159
5867,27214
5868,26995
5869,26602
5870,26517
5871,26715
5872,27283
5873,28171
5874,29736
5875,32461
5876,32044
5877,30772
5878,28236
5879,25909
5880,24137
5881,23596
5882,23066
5883,22724
5884,23194
5885,24885
5886,28358
5887,30706
5888,29171
5889,28336
5890,27448
5891,27568
5892,27341
5893,26764
5894,26462
5895,26339
5896,26783
5897,27819
5898,29256
5899,32131
5900,31355
5901,29713
5902,27478
5903,25515
5904,24016
5905,23046
5906,22732
5907,22804
5908,23257
5909,24657
5910,27921
5911,30429
5912,28757
5913,28455
5914,27520
5915,27495
5916,27434
5917,27053
5918,26779
5919,27105
5920,27950
5921,28711
5922,30017
5923,31883
5924,31060
5925,29890
5926,27554
5927,25294
5928,23872
5929,23184
5930,22707
5931,22516
5932,22776
5933,24555
5934,27798
5935,30178
5936,29275
5937,29122
5938,28522
5939,28425
5940,28188
5941,27972
5942,27929
5943,28316
5944,28698
5945,29893
5946,31295
5947,32588
5948,31109
5949,29863
5950,27684
5951,25505
5952,23593
5953,22673
5954,22468
5955,22265
5956,22887
5957,24484
5958,27654
5959,30034
5960,29648
5961,30013
5962,29439
5963,29301
5964,29610
5965,29521
5966,29062
5967,29053
5968,29358
5969,29851
5970,30974
5971,32444
5972,31673
5973,30239
5974,28329
5975,26774
5976,24847
5977,23855
5978,23179
5979,23002
5980,22938
5981,23588
5982,24172
5983,26060
5984,28083
5985,29531
5986,29274
5987,28729
5988,27873
5989,27244
5990,27048
5991,26653
5992,26596
5993,27224
5994,28876
5995,31246
5996,31006
5997,29702
5998,27500
5999,25682
6000,24092
6001,23104
6002,22425
6003,22076
6004,22313
6005,22502
6006,23150
6007,25034
6008,26882
6009,28072
6010,27698
6011,26784
6012,26470
6013,26492
6014,25824
6015,25511
6016,25404
6017,26499
6018,28120
6019,31220
6020,31080
6021,29546
6022,26898
6023,25118
6024,23356
6025,22579
6026,22276
6027,22052
6028,22700
6029,24480
6030,28180
6031,30542
6032,29103
6033,28915
6034,28459
6035,28107
6036,28180
6037,28010
6038,27977
6039,28233
6040,28740
6041,29650
6042,31086
6043,32946
6044,32115
6045,30610
6046,28709
6047,26624
6048,25028
6049,24020
6050,23476
6051,23411
6052,23794
6053,25490
6054,29287
6055,30965
6056,28914
6057,28275
6058,27742
6059,27988
6060,27831
6061,27289
6062,26987
6063,27315
6064,27761
6065,28563
6066,29977
6067,32109
6068,31381
6069,30043
6070,27582
6071,25279
6072,23662
6073,22982
6074,22628
6075,22686
6076,23048
6077,24857
6078,28633
6079,30791
6080,29085
6081,28373
6082,27720
6083,27924
6084,27634
6085,27312
6086,26952
6087,27054
6088,27513
6089,28637
6090,29802
6091,32008
6092,31501
6093,29971
6094,27698
6095,25565
6096,24042
6097,22983
6098,22642
6099,22543
6100,22981
6101,24517
6102,28229
6103,29887
6104,28015
6105,27662
6106,27402
6107,27348
6108,27152
6109,26737
6110,26546
6111,26595
6112,27089
6113,28126
6114,28723
6115,31110
6116,30759
6117,29068
6118,26372
6119,24489
6120,23151
6121,22866
6122,22370
6123,22530
6124,23138
6125,24647
6126,28095
6127,29721
6128,28529
6129,28443
6130,27741
6131,28067
6132,27781
6133,27409
6134,27158
6135,26924
6136,27215
6137,27732
6138,29052
6139,30455
6140,30109
6141,29116
6142,27633
6143,26079
6144,24756
6145,23957
6146,23505
6147,23207
6148,23296
6149,23866
6150,25194
6151,26336
6152,28065
6153,28952
6154,28606
6155,28013
6156,27637
6157,27568
6158,27010
6159,26613
6160,26723
6161,27035
6162,28203
6163,30069
6164,29238
6165,27817
6166,26427
6167,24897
6168,23866
6169,23011
6170,22551
6171,22312
6172,22419
6173,22703
6174,23416
6175,24966
6176,26920
6177,28171
6178,27899
6179,27229
6180,26625
6181,26173
6182,25848
6183,25420
6184,25661
6185,26200
6186,27619
6187,30105
6188,30099
6189,28051
6190,25927
6191,24386
6192,23339
6193,22601
6194,22344
6195,22409
6196,22714
6197,24243
6198,27956
6199,29394
6200,27999
6201,28105
6202,27667
6203,28080
6204,28116
6205,27878
6206,27654
6207,27840
6208,28362
6209,28857
6210,29723
6211,31602
6212,31186
6213,29473
6214,27475
6215,25648
6216,24280
6217,23667
6218,23564
6219,23577
6220,24056
6221,25783
6222,28866
6223,30016
6224,29021
6225,28843
6226,28239
6227,28560
6228,28592
6229,28191
6230,27857
6231,28014
6232,28536
6233,29075
6234,29761
6235,31629
6236,31120
6237,29803
6238,27668
6239,26245
6240,25035
6241,24367
6242,23911
6243,23755
6244,24189
6245,25655
6246,28715
6247,29672
6248,28709
6249,28831
6250,28637
6251,28884
6252,28837
6253,28589
6254,28302
6255,28497
6256,29017
6257,29358
6258,29908
6259,31444
6260,30440
6261,28859
6262,26558
6263,25243
6264,24220
6265,23603
6266,23284
6267,23132
6268,23361
6269,24614
6270,27516
6271,28804
6272,27857
6273,28199
6274,27776
6275,28236
6276,28059
6277,27655
6278,27521
6279,27790
6280,28420
6281,29127
6282,29615
6283,31415
6284,30906
6285,29668
6286,28019
6287,26284
6288,24787
6289,23897
6290,23387
6291,23212
6292,23638
6293,24919
6294,27237
6295,28482
6296,28073
6297,28652
6298,28256
6299,28347
6300,28508
6301,28457
6302,27934
6303,27723
6304,27883
6305,28340
6306,28377
6307,29512
6308,29170
6309,27943
6310,26774
6311,25402
6312,24133
6313,23541
6314,23050
6315,23124
6316,23308
6317,23913
6318,24865
6319,26284
6320,27154
6321,27922
6322,27659
6323,27280
6324,27076
6325,26807
6326,26239
6327,25799
6328,25928
6329,26176
6330,26993
6331,28860
6332,28488
6333,27243
6334,25908
6335,24150
6336,23335
6337,22565
6338,22345
6339,22107
6340,21998
6341,22404
6342,23559
6343,24914
6344,26440
6345,27631
6346,27946
6347,27272
6348,26755
6349,26449
6350,26036
6351,25519
6352,25464
6353,26060
6354,26682
6355,28447
6356,28146
6357,26919
6358,25032
6359,23533
6360,22611
6361,22048
6362,21640
6363,21808
6364,22353
6365,23231
6366,25036
6367,26156
6368,26859
6369,27760
6370,27748
6371,28058
6372,27826
6373,27656
6374,27340
6375,27331
6376,27626
6377,28247
6378,29329
6379,30430
6380,29870
6381,28719
6382,27385
6383,25331
6384,23820
6385,22955
6386,22113
6387,22370
6388,22512
6389,22909
6390,24243
6391,24889
6392,25565
6393,26718
6394,27252
6395,27412
6396,27443
6397,27001
6398,26441
6399,26036
6400,26417
6401,27066
6402,28145
6403,30052
6404,29920
6405,27881
6406,25988
6407,24394
6408,23094
6409,22222
6410,21898
6411,21560
6412,22056
6413,23233
6414,25645
6415,27052
6416,27529
6417,27812
6418,27450
6419,27683
6420,27619
6421,27261
6422,27022
6423,27021
6424,27631
6425,28660
6426,29777
6427,32120
6428,31925
6429,30536
6430,28114
6431,25705
6432,24395
6433,23556
6434,23144
6435,22867
6436,23032
6437,24567
6438,26993
6439,28380
6440,28527
6441,29212
6442,28719
6443,28765
6444,28701
6445,28331
6446,28120
6447,28127
6448,28783
6449,29572
6450,30743
6451,32309
6452,32435
6453,31333
6454,28932
6455,26991
6456,25244
6457,24407
6458,23810
6459,23501
6460,23768
6461,25135
6462,27659
6463,28542
6464,28547
6465,28865
6466,28776
6467,28917
6468,29171
6469,28591
6470,27792
6471,27820
6472,28049
6473,28665
6474,29125
6475,30760
6476,30617
6477,29514
6478,27927
6479,26550
6480,25073
6481,24038
6482,23426
6483,23192
6484,23285
6485,23695
6486,24845
6487,26202
6488,27273
6489,27814
6490,27489
6491,26627
6492,26279
6493,25867
6494,25439
6495,24956
6496,25002
6497,25540
6498,26614
6499,28718
6500,28487
6501,27044
6502,25414
6503,24251
6504,23391
6505,22493
6506,22127
6507,21887
6508,22084
6509,22467
6510,23093
6511,24718
6512,26461
6513,27278
6514,27356
6515,26666
6516,25975
6517,25529
6518,25033
6519,24469
6520,24493
6521,25382
6522,26148
6523,28446
6524,28166
6525,26574
6526,25051
6527,23366
6528,22184
6529,21577
6530,21156
6531,20999
6532,21390
6533,22685
6534,25043
6535,26766
6536,26591
6537,27571
6538,27741
6539,27983
6540,28121
6541,28062
6542,27918
6543,28035
6544,28075
6545,28800
6546,29253
6547,31256
6548,31044
6549,29272
6550,27684
6551,24949
6552,23527
6553,23062
6554,22427
6555,22356
6556,22944
6557,24576
6558,28222
6559,29575
6560,27856
6561,27634
6562,27466
6563,27724
6564,27843
6565,27662
6566,27555
6567,27726
6568,28264
6569,29074
6570,30461
6571,32567
6572,31781
6573,29680
6574,27170
6575,25190
6576,23517
6577,22862
6578,22576
6579,22528
6580,22821
6581,24599
6582,28352
6583,29797
6584,28029
6585,27599
6586,27039
6587,26943
6588,27018
6589,26695
6590,26234
6591,26687
6592,27755
6593,28394
6594,29526
6595,31814
6596,31811
6597,30081
6598,27852
6599,25755
6600,24152
6601,22958
6602,22441
6603,22503
6604,23014
6605,24843
6606,28847
6607,29965
6608,27918
6609,27586
6610,27195
6611,27360
6612,27456
6613,27116
6614,26911
6615,27015
6616,27903
6617,28646
6618,29228
6619,31447
6620,31842
6621,30234
6622,28381
6623,26223
6624,24787
6625,24251
6626,23726
6627,23524
6628,24059
6629,25888
6630,28895
6631,29874
6632,28723
6633,28672
6634,28384
6635,28315
6636,28199
6637,28015
6638,27527
6639,27546
6640,27464
6641,27802
6642,28284
6643,29856
6644,30196
6645,28996
6646,27313
6647,26011
6648,24964
6649,24121
6650,23760
6651,23539
6652,23616
6653,24231
6654,25223
6655,26319
6656,27433
6657,28055
6658,27973
6659,27362
6660,26859
6661,26548
6662,25790
6663,25298
6664,25372
6665,25664
6666,26586
6667,28540
6668,28849
6669,27648
6670,26114
6671,24477
6672,22961
6673,22518
6674,21951
6675,21824
6676,22033
6677,22529
6678,23164
6679,25147
6680,27053
6681,27807
6682,27605
6683,27229
6684,27044
6685,26959
6686,26500
6687,26042
6688,26451
6689,26823
6690,27728
6691,29662
6692,30080
6693,28313
6694,26397
6695,24879
6696,23652
6697,22931
6698,22636
6699,22545
6700,22974
6701,24694
6702,28131
6703,29187
6704,27878
6705,28104
6706,27766
6707,28274
6708,28445
6709,28234
6710,28102
6711,28506
6712,29268
6713,30009
6714,30253
6715,32116
6716,31822
6717,29845
6718,28377
6719,26216
6720,24749
6721,24469
6722,24236
6723,24191
6724,24766
6725,26297
6726,29599
6727,30622
6728,28693
6729,28651
6730,28579
6731,29069
6732,29418
6733,29035
6734,28961
6735,29178
6736,29783
6737,30672
6738,31030
6739,32745
6740,32516
6741,30545
6742,28378
6743,26609
6744,25324
6745,24778
6746,24218
6747,23944
6748,24513
6749,25946
6750,29250
6751,29917
6752,28287
6753,28115
6754,27770
6755,28099
6756,28742
6757,28211
6758,28003
6759,28330
6760,29458
6761,29905
6762,30557
6763,31919
6764,31384
6765,29603
6766,28077
6767,26359
6768,24954
6769,23956
6770,23463
6771,23633
6772,23946
6773,25778
6774,28976
6775,29981
6776,28411
6777,28385
6778,28158
6779,29017
6780,29695
6781,29574
6782,29255
6783,29437
6784,30079
6785,30810
6786,31348
6787,32830
6788,32149
6789,30323
6790,27889
6791,26514
6792,25515
6793,24734
6794,24505
6795,24414
6796,24865
6797,26446
6798,29604
6799,30376
6800,29111
6801,29111
6802,28899
6803,29360
6804,29391
6805,29187
6806,28759
6807,28786
6808,28926
6809,29165
6810,29309
6811,31082
6812,31427
6813,29818
6814,27984
6815,26820
6816,25516
6817,24609
6818,24260
6819,24142
6820,24295
6821,24790
6822,25817
6823,26515
6824,27077
6825,27723
6826,27802
6827,27608
6828,26649
6829,26876
6830,26265
6831,26325
6832,26102
6833,26407
6834,27062
6835,28938
6836,29391
6837,28099
6838,26077
6839,24928
6840,23824
6841,23205
6842,22983
6843,22730
6844,22820
6845,23233
6846,23831
6847,25200
6848,26819
6849,27783
6850,27767
6851,27522
6852,27276
6853,27242
6854,26900
6855,26430
6856,26500
6857,26947
6858,27604
6859,29116
6860,29266
6861,27529
6862,25412
6863,24405
6864,23643
6865,23123
6866,22830
6867,22841
6868,23245
6869,24597
6870,27949
6871,28882
6872,27506
6873,27863
6874,27829
6875,28293
6876,28583
6877,28505
6878,28435
6879,28409
6880,29252
6881,29650
6882,30147
6883,31203
6884,31024
6885,29457
6886,27637
6887,25838
6888,24833
6889,24128
6890,23717
6891,23637
6892,24158
6893,25733
6894,28953
6895,29245
6896,28216
6897,28436
6898,27973
6899,28861
6900,29194
6901,29010
6902,29053
6903,29285
6904,29826
6905,30349
6906,31061
6907,31945
6908,31450
6909,29524
6910,27594
6911,26293
6912,25112
6913,23940
6914,23767
6915,23720
6916,24317
6917,26041
6918,29279
6919,29896
6920,28457
6921,28412
6922,28176
6923,28435
6924,28619
6925,28521
6926,28319
6927,28727
6928,29521
6929,30205
6930,31043
6931,32081
6932,31900
6933,30106
6934,27871
6935,26279
6936,25455
6937,25098
6938,24463
6939,24385
6940,24705
6941,26122
6942,28945
6943,30198
6944,28730
6945,28717
6946,28289
6947,28552
6948,28350
6949,28199
6950,28179
6951,28582
6952,29098
6953,29567
6954,30525
6955,31760
6956,32059
6957,30232
6958,27985
6959,26305
6960,25525
6961,25101
6962,24720
6963,24109
6964,24690
6965,25861
6966,28369
6967,29546
6968,29062
6969,29877
6970,29291
6971,29256
6972,29234
6973,28915
6974,28673
6975,28634
6976,28895
6977,29191
6978,29242
6979,30565
6980,31016
6981,29895
6982,28237
6983,26633
6984,26154
6985,25365
6986,25102
6987,24736
6988,24999
6989,25501
6990,26100
6991,26962
6992,28693
6993,29275
6994,28997
6995,28595
6996,28412
6997,28083
6998,27410
6999,27345
7000,27147
7001,27384
7002,28036
7003,29934
7004,30367
7005,28561
7006,27073
7007,25926
7008,25436
7009,24666
7010,24162
7011,23800
7012,23883
7013,24324
7014,24987
7015,26146
7016,27693
7017,28239
7018,28005
7019,27512
7020,27194
7021,26565
7022,26169
7023,25797
7024,26061
7025,26494
7026,27064
7027,28888
7028,29733
7029,28013
7030,26259
7031,24905
7032,24030
7033,23597
7034,23255
7035,23255
7036,23442
7037,25039
7038,28447
7039,28380
7040,27171
7041,27690
7042,27756
7043,28238
7044,28281
7045,27969
7046,27403
7047,28244
7048,28830
7049,29214
7050,29535
7051,31165
7052,31269
7053,29388
7054,27248
7055,25909
7056,24910
7057,24500
7058,24122
7059,24051
7060,24511
7061,25878
7062,29379
7063,29531
7064,28556
7065,28752
7066,28946
7067,29524
7068,29387
7069,29096
7070,28940
7071,29435
7072,29824
7073,30242
7074,30667
7075,31631
7076,31376
7077,29581
7078,27420
7079,25961
7080,24615
7081,24627
7082,23536
7083,23224
7084,24460
7085,25764
7086,28478
7087,29303
7088,28124
7089,27979
7090,27859
7091,28051
7092,27797
7093,27654
7094,27556
7095,27755
7096,28291
7097,28942
7098,29764
7099,31162
7100,31180
7101,29672
7102,27493
7103,26088
7104,25176
7105,24350
7106,23947
7107,23699
7108,24133
7109,25780
7110,28850
7111,29248
7112,28226
7113,28434
7114,28359
7115,28362
7116,28373
7117,27944
7118,27747
7119,28266
7120,28667
7121,28953
7122,29252
7123,30726
7124,31097
7125,29439
7126,27524
7127,25908
7128,24665
7129,23931
7130,23567
7131,23487
7132,23592
7133,25279
7134,28291
7135,28918
7136,28384
7137,29061
7138,28915
7139,29080
7140,28850
7141,28574
7142,28402
7143,28547
7144,28980
7145,29018
7146,29504
7147,30429
7148,30028
7149,28746
7150,27716
7151,26479
7152,25648
7153,24761
7154,24247
7155,23730
7156,23670
7157,24258
7158,25101
7159,26203
7160,26756
7161,27450
7162,27179
7163,27089
7164,26764
7165,26470
7166,26041
7167,25761
7168,25479
7169,25783
7170,26457
7171,27722
7172,28236
7173,27493
7174,25793
7175,24843
7176,23898
7177,23307
7178,22260
7179,22812
7180,22698
7181,23017
7182,23577
7183,24908
7184,26054
7185,26626
7186,26434
7187,26143
7188,25978
7189,25715
7190,25547
7191,25040
7192,25236
7193,25852
7194,26754
7195,28658
7196,29630
7197,28038
7198,26581
7199,25382
7200,24117
7201,23534
7202,22957
7203,22540
7204,22735
7205,24265
7206,27359
7207,27823
7208,26597
7209,27234
7210,27582
7211,28203
7212,28556
7213,28062
7214,28031
7215,28348
7216,28845
7217,29204
7218,29144
7219,30492
7220,31031
7221,29255
7222,27059
7223,25955
7224,24496
7225,23570
7226,23313
7227,23165
7228,23655
7229,25236
7230,28592
7231,28891
7232,27555
7233,27430
7234,27444
7235,27480
7236,27821
7237,27723
7238,27953
7239,27906
7240,28436
7241,28996
7242,29618
7243,31150
7244,31691
7245,29627
7246,27554
7247,25972
7248,24925
7249,24099
7250,23810
7251,23822
7252,24227
7253,25741
7254,29048
7255,29639
7256,28201
7257,28220
7258,27923
7259,28388
7260,28496
7261,28142
7262,27909
7263,28120
7264,28887
7265,29440
7266,30074
7267,31312
7268,31836
7269,30287
7270,28404
7271,26261
7272,24816
7273,24102
7274,23818
7275,23621
7276,23968
7277,25726
7278,29185
7279,29735
7280,28588
7281,28880
7282,28594
7283,28767
7284,28987
7285,28879
7286,28721
7287,28798
7288,29520
7289,29687
7290,29860
7291,30884
7292,31296
7293,29634
7294,27634
7295,25929
7296,24709
7297,24338
7298,24206
7299,24032
7300,24497
7301,26019
7302,28899
7303,29755
7304,29245
7305,29391
7306,29312
7307,29343
7308,29630
7309,29186
7310,28881
7311,28760
7312,29248
7313,29735
7314,29788
7315,30224
7316,30332
7317,29362
7318,27654
7319,26337
7320,25185
7321,24341
7322,23789
7323,23427
7324,23470
7325,23840
7326,24898
7327,25638
7328,26987
7329,27337
7330,26882
7331,26486
7332,25735
7333,25391
7334,25014
7335,24828
7336,24838
7337,25154
7338,25979
7339,27900
7340,29164
7341,27866
7342,26101
7343,25235
7344,24074
7345,23063
7346,22872
7347,22583
7348,22743
7349,23011
7350,23874
7351,24982
7352,26029
7353,26873
7354,26557
7355,26125
7356,25868
7357,25712
7358,25342
7359,24853
7360,24873
7361,25361
7362,26405
7363,28046
7364,29212
7365,27799
7366,25973
7367,24651
7368,23505
7369,23052
7370,22750
7371,22819
7372,23299
7373,24799
7374,28067
7375,28474
7376,27802
7377,28524
7378,28676
7379,28964
7380,28839
7381,28839
7382,28553
7383,28792
7384,29313
7385,29934
7386,29999
7387,30808
7388,31165
7389,29626
7390,27851
7391,26055
7392,24841
7393,24228
7394,23865
7395,23782
7396,24253
7397,25720
7398,27943
7399,28767
7400,28166
7401,28246
7402,28133
7403,28496
7404,28768
7405,28598
7406,28323
7407,28571
7408,29245
7409,30003
7410,30058
7411,30632
7412,31228
7413,30021
7414,27845
7415,26441
7416,25209
7417,24557
7418,24255
7419,24199
7420,24346
7421,25774
7422,28216
7423,28659
7424,27927
7425,28361
7426,28443
7427,28378
7428,28686
7429,28609
7430,28521
7431,28723
7432,29163
7433,29460
7434,29794
7435,30653
7436,31381
7437,29623
7438,27602
7439,26280
7440,25410
7441,24994
7442,24585
7443,24432
7444,24633
7445,26199
7446,28729
7447,29026
7448,28480
7449,28988
7450,28681
7451,29060
7452,28981
7453,28810
7454,28644
7455,29119
7456,29558
7457,29608
7458,29670
7459,30842
7460,31624
7461,29940
7462,28044
7463,26482
7464,25183
7465,24440
7466,24217
7467,24054
7468,24194
7469,25587
7470,28291
7471,29262
7472,29041
7473,29583
7474,29609
7475,29818
7476,30269
7477,30166
7478,29767
7479,29854
7480,29704
7481,29655
7482,29931
7483,30675
7484,30823
7485,29022
7486,27315
7487,26490
7488,25556
7489,24955
7490,24605
7491,24193
7492,24223
7493,24775
7494,25989
7495,26742
7496,27718
7497,28534
7498,28463
7499,28128
7500,27821
7501,27721
7502,27307
7503,26983
7504,26874
7505,27434
7506,28102
7507,29138
7508,29098
7509,27376
7510,25495
7511,24477
7512,23507
7513,23099
7514,22681
7515,22473
7516,22720
7517,23035
7518,23810
7519,25311
7520,26500
7521,27301
7522,27546
7523,27532
7524,27248
7525,26755
7526,26634
7527,26049
7528,26174
7529,26592
7530,27056
7531,28490
7532,29163
7533,27561
7534,25586
7535,24264
7536,23058
7537,22128
7538,21952
7539,22054
7540,22487
7541,24302
7542,27459
7543,28139
7544,27545
7545,28337
7546,28570
7547,28353
7548,28486
7549,28592
7550,28342
7551,28406
7552,28862
7553,29403
7554,30016
7555,31018
7556,30831
7557,29101
7558,26967
7559,24860
7560,23967
7561,24148
7562,23169
7563,23115
7564,23392
7565,25347
7566,28542
7567,29212
7568,28455
7569,28856
7570,28789
7571,28966
7572,28896
7573,28332
7574,28017
7575,28100
7576,28795
7577,29172
7578,29626
7579,30304
7580,30573
7581,28850
7582,26994
7583,25602
7584,24055
7585,23337
7586,23019
7587,23105
7588,23502
7589,25050
7590,27856
7591,28886
7592,27817
7593,28017
7594,28209
7595,28501
7596,28482
7597,28408
7598,28203
7599,28609
7600,29136
7601,29640
7602,29776
7603,30725
7604,30415
7605,28727
7606,26829
7607,25532
7608,24822
7609,23869
7610,23604
7611,23545
7612,24095
7613,25546
7614,28540
7615,28888
7616,28182
7617,28434
7618,28276
7619,28391
7620,28461
7621,28263
7622,28037
7623,28444
7624,28424
7625,28909
7626,29336
7627,30139
7628,31098
7629,29233
7630,27116
7631,25724
7632,24838
7633,24413
7634,24014
7635,24119
7636,24510
7637,25883
7638,28484
7639,29201
7640,28467
7641,28809
7642,29077
7643,29144
7644,29320
7645,29030
7646,28756
7647,28741
7648,28536
7649,28585
7650,28770
7651,29576
7652,30436
7653,29478
7654,27595
7655,26335
7656,25262
7657,24618
7658,24115
7659,23951
7660,24193
7661,24756
7662,25456
7663,26184
7664,27301
7665,28334
7666,28420
7667,27955
7668,27995
7669,27801
7670,27040
7671,26386
7672,26589
7673,26926
7674,27527
7675,28484
7676,29560
7677,28202
7678,26695
7679,25309
7680,24177
7681,23293
7682,22795
7683,22520
7684,22511
7685,22851
7686,23488
7687,24466
7688,25861
7689,26709
7690,26812
7691,26588
7692,26431
7693,26257
7694,25765
7695,25497
7696,25617
7697,25939
7698,26783
7699,27915
7700,29034
7701,27698
7702,25804
7703,23728
7704,22877
7705,22446
7706,22253
7707,22249
7708,22315
7709,23741
7710,26872
7711,28075
7712,27541
7713,28397
7714,28629
7715,28858
7716,28972
7717,28647
7718,28607
7719,28673
7720,28791
7721,29339
7722,29318
7723,30348
7724,30948
7725,28962
7726,26749
7727,25268
7728,24148
7729,23518
7730,23286
7731,23411
7732,23561
7733,25172
7734,27708
7735,28378
7736,27938
7737,28403
7738,28155
7739,28459
7740,28194
7741,28010
7742,28127
7743,28641
7744,28729
7745,28981
7746,29170
7747,29859
7748,30950
7749,29434
7750,27441
7751,25336
7752,23420
7753,22769
7754,22600
7755,22585
7756,23139
7757,24660
7758,27381
7759,28096
7760,28092
7761,28921
7762,28904
7763,28874
7764,29257
7765,29511
7766,29307
7767,29694
7768,29687
7769,30170
7770,30312
7771,30442
7772,30460
7773,29167
7774,27464
7775,25393
7776,24252
7777,23455
7778,23411
7779,22969
7780,23104
7781,24724
7782,27394
7783,28060
7784,27845
7785,28364
7786,28147
7787,28361
7788,28219
7789,27995
7790,27734
7791,27913
7792,28618
7793,28680
7794,28352
7795,29181
7796,30358
7797,29128
7798,27289
7799,25761
7800,24596
7801,24191
7802,24243
7803,23921
7804,24086
7805,25451
7806,27466
7807,27905
7808,28193
7809,28734
7810,28867
7811,28943
7812,29096
7813,28663
7814,28176
7815,28515
7816,28348
7817,27939
7818,28065
7819,28551
7820,29382
7821,28270
7822,26667
7823,26181
7824,25194
7825,24570
7826,24048
7827,24161
7828,23799
7829,24159
7830,24605
7831,24925
7832,25940
7833,26963
7834,26832
7835,26521
7836,26465
7837,26270
7838,25734
7839,25545
7840,25289
7841,25309
7842,25795
7843,26987
7844,27708
7845,26693
7846,25300
7847,23795
7848,23754
7849,23301
7850,23034
7851,22762
7852,22712
7853,23069
7854,22997
7855,23898
7856,24991
7857,25940
7858,26005
7859,25740
7860,25736
7861,25321
7862,24978
7863,24646
7864,24581
7865,24885
7866,25509
7867,26381
7868,28140
7869,27219
7870,25382
7871,24851
7872,23877
7873,23634
7874,23264
7875,23141
7876,23271
7877,24740
7878,26384
7879,26785
7880,26869
7881,27877
7882,28096
7883,28106
7884,28180
7885,28025
7886,28047
7887,28132
7888,28339
7889,28419
7890,28582
7891,29167
7892,30629
7893,29625
7894,27491
7895,26405
7896,25019
7897,24406
7898,24299
7899,24112
7900,24553
7901,25849
7902,27590
7903,27979
7904,27841
7905,28675
7906,28934
7907,29022
7908,29229
7909,29041
7910,29110
7911,29125
7912,29322
7913,29570
7914,29580
7915,29998
7916,31448
7917,30403
7918,28270
7919,27130
7920,25875
7921,25169
7922,24671
7923,24883
7924,25252
7925,26365
7926,27195
7927,27693
7928,28121
7929,29151
7930,29155
7931,29505
7932,29708
7933,29507
7934,29437
7935,29746
7936,29816
7937,30208
7938,30339
7939,30578
7940,31707
7941,30604
7942,28786
7943,26644
7944,25699
7945,25743
7946,25426
7947,25285
7948,25506
7949,26673
7950,27864
7951,28253
7952,28749
7953,29425
7954,29793
7955,30019
7956,29951
7957,30214
7958,30104
7959,30029
7960,30012
7961,30149
7962,30232
7963,30638
7964,31540
7965,30581
7966,29107
7967,27951
7968,26943
7969,25880
7970,25333
7971,25085
7972,25377
7973,26489
7974,27490
7975,28330
7976,28940
7977,29773
7978,29849
7979,29625
7980,29967
7981,29773
7982,29124
7983,29197
7984,28812
7985,28698
7986,28436
7987,28634
7988,30326
7989,30072
7990,28718
7991,27137
7992,26167
7993,25909
7994,25412
7995,24982
7996,24991
7997,25553
7998,25644
7999,26298
8000,27043
8001,27856
8002,27643
8003,27172
8004,27436
8005,27255
8006,26836
8007,26528
8008,26395
8009,26491
8010,26719
8011,27493
8012,28662
8013,28119
8014,26776
8015,25513
8016,25005
8017,24183
8018,23687
8019,23357
8020,23342
8021,23394
8022,23708
8023,24432
8024,25446
8025,26338
8026,26608
8027,26560
8028,26162
8029,26010
8030,25911
8031,25546
8032,25586
8033,25775
8034,26278
8035,26995
8036,28682
8037,28203
8038,26791
8039,25625
8040,24710
8041,24349
8042,24096
8043,23900
8044,24197
8045,25296
8046,26112
8047,26541
8048,27213
8049,28539
8050,28437
8051,29050
8052,29469
8053,29496
8054,29659
8055,29969
8056,30391
8057,29926
8058,29168
8059,29282
8060,30806
8061,29950
8062,28298
8063,26429
8064,25388
8065,24642
8066,24060
8067,23747
8068,23955
8069,25038
8070,26289
8071,27270
8072,28053
8073,29296
8074,29484
8075,29857
8076,29542
8077,28902
8078,28601
8079,28800
8080,28774
8081,28740
8082,28523
8083,28654
8084,29369
8085,28018
8086,25912
8087,24911
8088,24051
8089,23414
8090,23154
8091,23002
8092,23192
8093,24153
8094,25444
8095,26677
8096,27072
8097,27868
8098,28261
8099,28297
8100,28339
8101,28092
8102,27753
8103,27843
8104,28427
8105,29269
8106,29608
8107,29868
8108,30497
8109,29083
8110,26691
8111,25157
8112,24027
8113,23492
8114,23021
8115,22898
8116,23246
8117,24618
8118,26063
8119,27138
8120,28107
8121,29215
8122,29289
8123,29617
8124,29645
8125,29764
8126,29881
8127,30142
8128,30559
8129,30591
8130,30445
8131,30393
8132,31217
8133,30093
8134,27770
8135,26146
8136,24870
8137,23688
8138,23367
8139,23121
8140,23454
8141,24424
8142,25308
8143,27131
8144,28453
8145,29705
8146,29139
8147,29788
8148,29875
8149,29485
8150,29032
8151,28644
8152,28221
8153,28204
8154,28152
8155,28655
8156,30137
8157,29399
8158,27587
8159,26010
8160,24709
8161,24774
8162,24171
8163,24077
8164,24092
8165,24683
8166,25334
8167,26148
8168,27200
8169,28235
8170,28165
8171,27777
8172,27723
8173,27536
8174,26952
8175,26380
8176,26505
8177,26649
8178,27010
8179,27843
8180,28732
8181,27774
8182,26199
8183,24859
8184,23905
8185,23399
8186,22953
8187,22745
8188,22728
8189,23060
8190,23623
8191,24642
8192,25942
8193,27094
8194,27418
8195,27228
8196,27053
8197,26707
8198,26051
8199,25426
8200,25201
8201,25529
8202,26067
8203,27064
8204,28255
8205,27172
8206,25102
8207,23623
8208,22839
8209,22348
8210,21897
8211,21845
8212,22189
8213,23606
8214,25322
8215,26418
8216,27524
8217,28940
8218,29161
8219,29270
8220,29350
8221,29588
8222,29428
8223,29475
8224,29697
8225,29801
8226,30028
8227,29958
8228,30898
8229,29945
8230,27604
8231,25600
8232,24193
8233,24069
8234,23552
8235,23226
8236,23500
8237,24284
8238,26005
8239,26886
8240,27722
8241,28865
8242,28755
8243,29014
8244,28921
8245,29068
8246,28850
8247,28581
8248,28945
8249,29069
8250,29247
8251,29747
8252,30827
8253,29806
8254,27457
8255,25748
8256,24341
8257,23286
8258,22861
8259,22817
8260,23172
8261,24590
8262,26570
8263,27141
8264,27650
8265,28417
8266,28206
8267,28233
8268,28158
8269,27899
8270,27657
8271,27785
8272,28049
8273,28326
8274,28461
8275,28608
8276,30224
8277,29408
8278,27064
8279,25506
8280,24477
8281,23053
8282,22731
8283,22466
8284,22655
8285,23729
8286,25383
8287,26250
8288,26651
8289,27662
8290,27846
8291,27747
8292,27828
8293,27698
8294,27268
8295,26930
8296,27327
8297,27740
8298,27875
8299,28114
8300,29836
8301,29052
8302,27243
8303,25599
8304,24472
8305,23695
8306,23404
8307,23133
8308,23486
8309,24370
8310,25808
8311,26764
8312,27510
8313,28259
8314,28217
8315,28359
8316,28475
8317,28059
8318,27507
8319,27180
8320,27121
8321,27295
8322,27240
8323,27261
8324,28478
8325,28199
8326,26523
8327,25647
8328,24650
8329,23933
8330,22977
8331,22775
8332,23320
8333,23648
8334,23774
8335,24126
8336,25128
8337,26318
8338,25963
8339,25542
8340,25138
8341,24899
8342,24245
8343,23811
8344,24108
8345,24337
8346,25103
8347,25997
8348,27549
8349,27031
8350,25447
8351,24493
8352,23670
8353,22900
8354,22407
8355,22076
8356,21689
8357,22211
8358,22496
8359,23325
8360,24078
8361,24734
8362,24831
8363,24638
8364,24284
8365,24190
8366,23884
8367,23344
8368,23432
8369,23721
8370,24509
8371,25590
8372,27321
8373,26868
8374,25016
8375,24079
8376,23224
8377,22338
8378,21884
8379,21883
8380,21891
8381,22459
8382,22933
8383,23036
8384,23956
8385,25272
8386,26090
8387,26252
8388,26242
8389,26136
8390,25717
8391,25487
8392,25400
8393,25501
8394,25895
8395,26226
8396,27461
8397,27312
8398,25651
8399,24540
8400,23515
8401,23211
8402,23195
8403,23110
8404,23148
8405,23827
8406,24375
8407,24686
8408,25275
8409,26230
8410,26279
8411,26029
8412,26184
8413,25849
8414,25996
8415,26072
8416,26572
8417,27019
8418,27111
8419,27729
8420,28909
8421,28103
8422,26052
8423,24958
8424,24072
8425,23387
8426,23177
8427,23086
8428,23437
8429,24205
8430,24583
8431,25231
8432,25677
8433,26392
8434,26441
8435,26365
8436,26047
8437,26201
8438,26017
8439,25959
8440,25935
8441,26472
8442,26715
8443,27403
8444,28596
8445,28315
8446,26724
8447,25229
8448,24774
8449,24126
8450,23966
8451,23608
8452,23730
8453,24381
8454,24952
8455,25693
8456,26363
8457,26612
8458,26706
8459,26582
8460,26608
8461,26613
8462,26142
8463,26003
8464,26354
8465,26558
8466,26982
8467,27528
8468,28859
8469,28413
8470,27312
8471,25819
8472,24930
8473,24328
8474,23903
8475,23730
8476,23815
8477,24625
8478,24972
8479,25561
8480,26153
8481,27178
8482,27314
8483,27160
8484,27083
8485,26858
8486,26396
8487,26370
8488,26443
8489,26650
8490,26611
8491,27455
8492,28383
8493,28022
8494,26384
8495,26087
8496,24884
8497,23819
8498,22966
8499,23282
8500,23386
8501,24047
8502,23832
8503,24593
8504,25713
8505,26214
8506,26367
8507,25885
8508,25446
8509,24844
8510,24529
8511,24386
8512,24706
8513,24780
8514,25120
8515,25868
8516,27055
8517,26774
8518,25248
8519,24247
8520,23421
8521,22614
8522,22357
8523,22184
8524,21961
8525,22461
8526,22627
8527,23220
8528,24531
8529,25786
8530,26428
8531,26081
8532,25888
8533,25672
8534,25208
8535,24699
8536,24401
8537,24544
8538,24896
8539,25563
8540,26777
8541,25986
8542,24464
8543,23677
8544,22896
8545,21853
8546,21548
8547,21380
8548,21566
8549,22121
8550,22326
8551,23415
8552,24532
8553,25546
8554,25532
8555,25440
8556,25182
8557,25232
8558,24893
8559,24653
8560,24766
8561,25574
8562,26347
8563,26805
8564,27702
8565,27186
8566,25692
8567,23890
8568,23055
8569,22251
8570,21669
8571,21454
8572,21542
8573,22289
8574,23157
8575,23746
8576,24786
8577,25531
8578,25478
8579,25285
8580,24966
8581,24432
8582,24161
8583,24082
8584,24331
8585,24684
8586,24946
8587,24933
8588,26582
8589,26653
8590,25516
8591,24636
8592,23544
8593,22683
8594,22029
8595,21493
8596,21271
8597,21387
8598,21713
8599,22768
8600,24158
8601,24875
8602,24907
8603,25214
8604,25147
8605,24493
8606,23282
8607,22349
8608,21791
8609,21326
8610,21094
8611,21686
8612,23244
8613,23551
8614,22677
8615,22438
8616,22005
8617,21483
8618,21081
8619,20963
8620,20767
8621,20785
8622,20754
8623,21151
8624,21907
8625,23071
8626,23659
8627,23648
8628,23642
8629,23317
8630,22829
8631,22478
8632,22549
8633,22901
8634,23249
8635,23787
8636,25154
8637,25038
8638,23407
8639,22561
8640,21574
8641,21056
8642,20861
8643,20648
8644,20662
8645,21018
8646,21408
8647,21715
8648,22883
8649,23822
8650,24970
8651,25331
8652,25436
8653,25099
8654,24747
8655,24466
8656,24900
8657,25590
8658,25507
8659,26037
8660,26745
8661,26180
8662,24523
8663,22596
8664,21590
8665,21174
8666,20868
8667,20779
8668,20635
8669,20864
8670,21440
8671,21830
8672,22828
8673,24170
8674,24841
8675,24792
8676,24867
8677,24466
8678,24283
8679,24085
8680,23589
8681,24000
8682,24310
8683,24949
8684,26257
8685,25640
8686,24160
8687,23050
8688,22052
8689,21421
8690,21010
8691,20801
8692,20766
8693,21000
8694,21491
8695,21831
8696,23052
8697,24211
8698,24819
8699,24607
8700,24318
8701,23835
8702,23473
8703,23139
8704,23258
8705,23439
8706,23936
8707,24758
8708,26194
8709,25959
8710,24289
8711,23039
8712,21731
8713,21163
8714,20785
8715,20635
8716,20575
8717,21282
8718,21841
8719,22667
8720,23387
8721,24203
8722,24738
8723,25191
8724,25222
8725,24950
8726,24640
8727,24652
8728,24578
8729,24504
8730,25164
8731,25601
8732,27050
8733,26196
8734,24517
8735,23616
8736,22395
8737,21750
8738,21325
8739,21172
8740,21240
8741,21805
8742,22392
8743,22836
8744,23535
8745,24390
8746,24845
8747,25096
8748,24865
8749,24564
8750,24335
8751,23945
8752,23810
8753,24037
8754,24499
8755,24635
8756,25694
8757,25058
8758,23993
8759,23649
8760,23062
